id,name,generic,vendor,fda_code
1,Degree,Aluminum Zirconium Tetrachlorohydrex GLY,Conopco Inc. d/b/a Unilever,64942-1207
2,Warfarin Sodium,Warfarin Sodium,Cadila Healthcare Limited,65841-052
3,7 Select Cough DM,dextromethorphan polistirex,7-Eleven,10202-384
4,No7 Protect and Perfect Foundation Sunscreen Broad Spectrum SPF 15 Cool Beige,OCTINOXATE,BCM Cosmetique SAS,61589-5312
5,Primula Scilla,Primula Scilla,Uriel Pharmacy Inc.,48951-8068
6,Cefdinir,Cefdinir,Teva Pharmaceuticals USA Inc,0093-4136
7,Phenylhistine DH,chlorpheniramine maleate and codeine phosphate and pseudoephedrine hcl,Qualitest Pharmaceuticals,0603-1520
8,Advanced Petrolatum,petrolatum,Ultra Seal Corporation,42213-042
9,Publix Baby,"AVOBENZONE, HOMOSALATE, OCTISALATE, OCTOCRYLENE, OXYBENZONE",Publix Super Markets Inc,56062-704
10,Calcium Acetate,Calcium Acetate,Sandoz Inc,0781-2672
11,ADSOL Red Cell Preservation Solution System in Plastic Container (PL 146 Plastic),Anticoagulant Citrate Phosphate Dextrose (CPD) Solution and ADSOL Preservation Solution,"Fenwal, Inc.",0942-6444
12,EMLA,LIDOCAINE,"APP Pharmaceuticals, LLC",63323-290
13,Glyburide,Glyburide,Contract Pharmacy Services-PA,67046-240
14,Glimepiride,Glimepiride,"Carlsbad Technology, Inc.",61442-116
15,Xyzal,levocetirizine dihydrochloride,"UCB, Inc.",50474-921
16,CTx4 Gel 1100,sodium fluoride,Oral BioTech,61578-204
17,SNAIL REPAIR BLEMISH BALM,"OCTINOXATE, TITANIUM DIOXIDE, ZINC OXIDE","Coson Co., Ltd.",62171-030
18,Alprazolam,Alprazolam,"PD-Rx Pharmaceuticals, Inc.",43063-370
19,Dicyclomine Hydrochloride,Dicyclomine Hydrochloride,State of Florida DOH Central Pharmacy,53808-0984
20,Indapamide,Indapamide,Actavis Elizabeth LLC,0228-2597
21,ECZEMA THERAPY,OATMEAL,"KATE SOMERVILLE SKINCARE, LLC",43479-301
22,up and up ibuprofen,Ibuprofen,Target Corporation,11673-685
23,leader gas relief,Simethicone,Cardinal Health,37205-292
24,Escitalopram,Escitalopram,Camber Pharmaceuticals,31722-249
25,H E B,Fluoride,HEB,37808-230
26,Promethazine DM,Promethazine DM,Stat Rx USA,16590-292
27,CENTURY 21 CHRONIC STRESS,"AMERICAN GINSENG, GOLDENSEAL, CEANOTHUS AMERICANUS LEAF, ACTIVATED CHARCOAL, OYSTER SHELL CALCIUM CARBONATE, CRUDE, SODIUM CHLORIDE, STRYCHNOS NUX-VOMICA SEED, SOLIDAGO VIRGAUREA FLOWERING TOP, CYCLAMEN PURPURASCENS TUBER, TARAXACUM OFFICINALE ROOT, ARSENIC TRIOXIDE, PHOSPHORUS, CALCIUM SULFIDE, TRIFOLIUM PRATENSE FLOWER, KEROSENE, FUCUS VESICULOSUS","21st Century Homeopathics, Inc",63972-005
28,Boniva,ibandronate sodium,"Physicians Total Care, Inc.",54868-5322
29,Divalproex Sodium Extended Release,Divalproex Sodium Extended Release,REMEDYREPACK INC.,49349-226
30,Flumazenil,FLUMAZENIL,"APP Pharmaceuticals, LLC",63323-424
31,Coppertone Tanning Dry Oil,"Avobenzone, Homosalate, Octisalate, and Oxybenzone","MSD Consumer Care, Inc.",11523-7170
32,IDOLE BLACK,HYDROQUINONE,International Beauty Exchange,66129-412
33,Aspirin,Aspirin,"Geiss, Destin & Dunn, Inc (Goodsense)",50804-227
34,COUGH HP,"Arsenic Trioxide, Bryonia Alba Root, Cupric Acetate, Drosera Rotundifolia, Ipecac, Potassium Carbonate, Phosphorus, Pulsatilla Vulgaris, Spongia Officinalis Skeleton, Roasted","Natural Creations, Inc.",43406-0014
35,Pyrazinamide,Pyrazinamide,REMEDYREPACK INC.,24236-763
36,Escitalopram,Escitalopram Oxalate,BluePoint Laboratories,68001-196
37,Lucky,pyrithione zinc,Delta Brands Inc,20276-046
38,Haloperidol,Haloperidol,Clinical Solutions Wholesale,58118-1396
39,Haemonetics Anticoagulant Citrate Dextrose Solution,"ANHYDROUS CITRIC ACID, TRISODIUM CITRATE DIHYDRATE, DEXTROSE MONOHYDRATE",Haemonetics Corporation,57826-426
40,Hydromorphone Hydrochloride,HYDROMORPHONE HYDROCHLORIDE,"Hospira, Inc.",0409-1283
41,Undecylenic Acid,Maximum Strength Antifungal Liquid Solution,Target Corporation,11673-259
42,RELENZA,zanamivir,"Physicians Total Care, Inc.",54868-4377
43,Dr. Scholls,Salicylic Acid,"MSD Consumer Care, Inc.",11523-0465
44,LOreal Paris Advanced Suncare Silky Sheer Face 30 Broad Spectrum SPF 30 Sunscreen,"Avobenzone, Homosalate, Octisalate and Octocrylene",L?Oreal USA Products Inc,49967-555
45,FENTANYL,FENTANYL,Mylan Pharmaceuticals Inc.,0378-9119
46,Guinea Pig Epithelium,Guinea Pig Epithelium,"Nelco Laboratories, Inc.",36987-1061
47,Gabapentin,Gabapentin,"AvKARE, Inc.",42291-300
48,CULTIVATED OATS POLLEN,avena sativa pollen,"Allergy Laboratories, Inc.",54575-096
49,Extralasting,OCTINOXATE,"Avon Products, Inc.",10096-0230
50,Donepezil Hydrochloride,Donepezil Hydrochloride,Sun Pharmaceutical Industries Limited,62756-440
51,Algenist,"Avobenzone, Homosalate, Octisalate","Solazyme, Inc.",53407-155
52,Ciclopirox,Ciclopirox,Sandoz,0781-7106
53,Ibuprofen,Ibuprofen,REMEDYREPACK INC.,52125-674
54,Cefprozil,Cefprozil,Aurobindo Pharma Limited,65862-069
55,Glipizide,Glipizide,Bryant Ranch Prepack,63629-1398
56,Sensitive,Sodium Fluoride,"Church & Dwight Co., Inc.",10237-659
57,Carvedilol,Carvedilol,State of Florida DOH Central Pharmacy,53808-0221
58,Oxygen,Oxygen,Advanced Oxy-Med Services Inc,64889-0001
59,Balsam Poplar,Balsam Poplar,"Nelco Laboratories, Inc.",36987-3122
60,Kit for the Preparation of Technetium Tc 99m Mebrofenin,Kit for the Preparation of Technetium Tc 99m Mebrofenin,"Pharmalucence, Inc.",45567-0455
61,IOPE RETIGEN MOISTURE FOUNDATION,"OCTINOXATE, TITANIUM DIOXIDE, and ZINC OXIDE",AMOREPACIFIC,43419-307
62,FREDS ORIGINAL EYE DROPS,TETRAHYDROZOLINE HYDROCHLORIDE,"HANLIM PHARM. CO., LTD.",11716-1187
63,Bethanechol Chloride,Bethanechol Chloride,"AvKARE, Inc.",42291-170
64,Scott Antibacterial Foam,Triclosan,Kimberly-Clark Corporation,55118-425
65,Benzonatate,Benzonatate,American Health Packaging,68084-214
66,Allopurinol,allopurinol,Clinical Solutions Wholesale,58118-2116
67,leader antacid,calcium carbonate,Cardinal Health,49781-120
68,Crest 3D White,Sodium Fluoride,Procter & Gamble Manufacturing Company,37000-831
69,Warfarin Sodium,Warfarin Sodium,Unit Dose Services,50436-9946
70,Diltiazem Hydrochloride,Diltiazem Hydrochloride,Sun Pharma Global FZE,47335-670
71,Nasal Decongestant,Pseudoephedrine HCl,"Shopko Stores Operating Co., LLC",37012-432
72,Sleep Aid,Doxylamine succinate,Kroger Company,30142-441
73,Furosemide,furosemide,"Physicians Total Care, Inc.",54868-2180
74,Velvet Grass,Velvet Grass,"Nelco Laboratories, Inc.",36987-2404
75,Green Pea,Green Pea,"Nelco Laboratories, Inc.",36987-1482
76,sunmark,Clotrimazole,McKesson,49348-379
77,Glimepiride,Glimepiride,Dr. Reddy's Laboratories Limited,55111-322
78,Glimepiride,Glimepiride,Dr. Reddy's Laboratories Limited,55111-321
79,Dextroamphetamine Sulfate,Dextroamphetamine Sulfate,Lineage Therapeutics,54505-329
80,Rabeprazole Sodium,Rabeprazole Sodium,"AvKARE, Inc.",42291-722
81,Prax Wipe,pramoxine hydrochloride 1%,"Ferndale Laboratories, Inc.",0496-0749
82,SKIN ERUPTIONS 7,BACILLUS ANTHRACIS IMMUNOSERUM RABBIT,Natural Health Supply,64117-205
83,Lopressor,metoprolol tartrate,Validus Pharmaceuticals LLC,30698-459
84,Sun Verbena Protective Gloss Protection,"OCTOCRYLENE, HOMOSALATE, AVOBENZONE",LABORATOIRES M&L,10345-022
85,ATORVASTATIN CALCIUM,ATORVASTATIN CALCIUM,Bryant Ranch Prepack,63629-4796
86,Treatment Set TS345050,Treatment Set TS345050,"Antigen Laboratories, Inc.",49288-0842
87,MECLIZINE HYDROCHLORIDE,MECLIZINE HYDROCHLORIDE,STAT Rx USA LLC,16590-146
88,Quetiapine fumarate,Quetiapine fumarate,"Preferred Pharmaceuticals, Inc.",68788-9487
89,Doxazosin mesylate,doxazosin mesylate,"Golden State Medical Supply, Inc.",60429-953
90,Yves Saint Laurent Teint Resist,Titanium Dioxide,Sicos Et Cie (Lancome),51150-409
91,Treatment Set TS331884,Treatment Set TS331884,"Antigen Laboratories, Inc.",49288-0664
92,Smart Sense Tioconazole 1,Tioconazole,Kmart Corporation,49738-426
93,Phenylephrine Hydrochloride,Phenylephrine Hydrochloride,"American Regent, Inc.",0517-0405
94,Hydromorphone Hydrochloride,Hydromorphone Hydrochloride,"Akorn, Inc.",17478-540
95,Infants Ibuprofen,Ibuprofen,Nash-Finch Company (Our Family),70253-250
96,Diazepam,diazepam,"Dispensing Solutions, Inc.",66336-478
97,Neutrogena Wet Skin Swim Humidity Sweat,"Avobenzone, Homosalate, Octisalate, Octocrylene, and Oxybenzone",Neutrogena Corporation,10812-611
98,Quetiapine Fumarate,Quetiapine Fumarate,McKesson Packaging Services a business unit of McKesson Corporation,63739-665
99,Double Antibiotic,Bacitracin Zinc and Polymyxin B Sulfate,Rebel Distributors Corp,21695-400
100,Bang Er Jie High-Efficiency Anti-Bacteria Monomer Silver Gel for Women,Anti-Bacteria Monomer Silver Gel,"Bang An Bao Medical Equipment Co., Ltd.",60659-0101
101,Treatment Set TS331413,Treatment Set TS331413,"Antigen Laboratories, Inc.",49288-0665
102,Levothyroxine Sodium,Levothyroxine Sodium,REMEDYREPACK INC.,49349-859
103,Soothe and Cool Free Moisture Barrier,Petrolatum,"Medline Industries, Inc.",53329-072
104,Depakote,divalproex sodium,"Physicians Total Care, Inc.",54868-5525
105,Burkhart,Sodium Fluoride,Burkhart Dental Supply Inc,43498-101
106,O HUI WHITE EXTREME CELLIGHT,PROTOCATECHUALDEHYDE,"LG Household and Healthcare, Inc.",53208-507
107,Hydrocodone Bitartate and Acetaminophen,"HYDROCODONE BITARTRATE, ACETAMINOPHEN",A-S Medication Solutions LLC,54569-6362
108,Bethanechol Chloride,Bethanechol Chloride 50 mg,Wockhardt USA LLC.,64679-968
109,Amoxicillin and Calvulanate Potassium,Amoxicillin and Clavulanate Potassium,American Health Packaging,68084-236
110,Neutrogena MoistureShine SPF20,"Octinoxate, Octisalate, and Titanium Dioxide",Neutrogena Corporation,10812-333
111,Topiramate,Topiramate,Teva Pharmaceuticals USA Inc,0093-7220
112,Testosterone,"Testosterone,","Deseret Biologicals, Inc.",43742-0021
113,CALAN,verapamil hydrochloride,G.D. Searle LLC Division of Pfizer Inc,0025-1851
114,laura mercier Tinted Moisturizer Creme Compact Broad Spectrum SPF 20 Sunscreen MOCHA,"AVOBENZONE, OCTISALATE, OCTOCRYLENE",Gurwitch Products,65342-1006
115,Hand Sanitizer with Aloe,Alcohol,Shop Rite,41190-203
116,Morphine Sulfate,Morphine Sulfate,West-ward Pharmaceutical Corp.,0641-6072
117,Exchange Select Sunscreen,AVOBENZONE,ARMY AND AIR FORCE EXCHANGE SERVICE,55301-008
118,Verapamil Hydrochloride,verapamil hydrochloride,"Aphena Pharma Solutions - Tennessee, LLC",43353-600
119,Dark Skin Defense Concealer Broad Spectrum SPF 15,"Octinoxate, Octisalate, Oxybenzone",Jafra Cosmetics International Inc,68828-172
120,NATURAL SUN AQ BODY AND FAMILY MILD SUN MILK,"OCTINOXATE, OCTISALATE, TITANIUM DIOXIDE, AVOBENZONE, ENZACAMENE","THEFACESHOP CO., LTD",51523-101
121,TRAMADOL HYDROCHLORIDE,TRAMADOL HYDROCHLORIDE,Sun Pharma Global FZE,47335-531
122,Moexipril Hydrochloride,Moexipril Hydrochloride,Apotex Corp.,60505-0271
123,leader stomach relief,Bismuth subsalicylate,Cardinal Health,37205-951
124,Carisoprodol,Carisoprodol,"Preferred Pharmaceuticals, Inc.",68788-2582
125,Lyrica,PREGABALIN,"Aphena Pharma Solutions - Tennessee, LLC",43353-840
126,NARS ALL DAY LUMINOUS FOUNDATION,Octinoxate and Titanium Dioxide,NARS COSMETICS,13734-139
127,Quetiapine fumarate,quetiapine fumarate,"Lupin Pharmaceuticals, Inc.",68180-450
128,Topicort,Desoximetasone,"Taro Pharmaceuticals U.S.A., Inc.",51672-5205
129,CELEBREX,Celecoxib,Keltman Pharmaceuticals Inc.,68387-552
130,Pecgen DMX,"guaifenesin,Dextromethorphan hydrobromide",KRAMER NOVIS,52083-620
131,Metoprolol Tartrate,Metoprolol Tartrate,Teva Pharmaceuticals USA Inc,0093-0733
132,Diethylpropion HydrochlorideER,Diethylpropion Hydrochloride,Aidarex Pharmaceuticals LLC,33261-354
133,Hydrogen Peroxide,HYDROGEN PEROXIDE,Vi-Jon,0869-0871
134,Instant Hand Sanitizer,Alcohol,Water-Jel Technologies,59898-420
135,Sterile Water,Water,A-S Medication Solutions LLC,54569-2222
136,Salagen,pilocarpine hyrochloride,Eisai Inc.,62856-775
137,Banana Boat Ultra defense SPF 50 Canada,Homosalate and Octinoxate and Octisalate and Oxybenzone and Avobenzone and Octocrylene,"Accra-Pac, Inc.",17630-2043
138,Depo-Medrol,methylprednisolone acetate,Rebel Distributors Corp,21695-952
139,Cyclobenzaprine Hydrochloride,Cyclobenzaprine Hydrochloride,Aidarex Pharmaceuticals LLC,33261-033
140,Olanzapine,Olanzapine,Apotex Corp.,60505-3140
141,Carvedilol,Carvedilol,Cardinal Health,55154-1682
142,Rough Marsh Elder,Rough Marsh Elder,"Nelco Laboratories, Inc.",36987-3253
143,Carvedilol,Carvedilol,Cardinal Health,55154-3678
144,Privet,Privet,"Nelco Laboratories, Inc.",36987-3028
145,Garnier Skin Renew Miracle Skin Perfector AntiAging BB Broad Spectrum SPF 15 Sunscreen,Octinoxate and Titanium Dioxide,L'Oreal USA Products Inc,49967-134
146,Topical Anesthetic,Benzocaine,Patterson Dental Supply Inc,50227-2112
147,Dextroamphetamine Sulfate,Dextroamphetamine Sulfate,Lineage Therapeutics,54505-329
148,Liquid Detox Drops,"Citrus Limonum, Taraxacum Officinale, Uva Ursi, Berberis Vulgaris, Capsicum Annuum, Galium Aparine, Lobelia Inflata",Weight Loss Products LLC,49721-0001
149,Sure,Invisible Solid Fresh Essence,"Innovative Brands, LLC",41595-5529
150,Medrox,"METHYL SALICYLATE, MENTHOL, CAPSAICIN",Pharmaceutica North America,45861-001
151,Prednisone,Prednisone,"Preferred Pharmaceuticals, Inc.",68788-9513
152,Myferon 150 Forte,"IRON SUCROSE, FOLIC ACID, CYANOCOBALAMIN","MARTIN EKWEALOR PHARMACEUTICALS, INC.",58607-112
153,Bald Cypress,Bald Cypress,"Nelco Laboratories, Inc.",36987-2625
154,Oxygen,Oxygen,Mercy Medical Center- Clinton dba Mercy Home Medical Equipment,65868-001
155,SUNZEN,"Avobenzone, Homosalate, Octisalate, Octocrylene and Oxybenzone","Prime Packaging, Inc.",13630-0049
156,Concerta,Methylphenidate hydrochloride,"Physicians Total Care, Inc.",54868-4759
157,Oxytocin,Oxytocin,West-Ward Pharmaceutical Corp.,0641-6115
158,Hepatatox,"Triticum Aestivum, Chelidonium Majus, Taraxacum Officinale, Glutathione, Hepar Suis, Thyroidinum, Lycopodium Clavatum","BioActive Nutritional, Inc.",43857-0013
159,Banana Boat Sport Performance,"Avobenzone, Homosalate, Octisalate, Octocrylene, Oxybenzone",KIK Custom Products,61047-815
160,Olay Total Effects Pore Minimizing CC,"Homosalate, Octisalate, and Octocrylene",Procter & Gamble Manufacturing Company,37000-320
161,Argentum Nitricum 6x,Argentum Nitricum 6x,"True Botanica, LLC",53645-1640
162,GONGJINHYANG SEOL WHITENING JINAEK PROGRAM,DIACETYL BENZOYL LATHYROL,"LG Household and Healthcare, Inc.",53208-377
163,Methimazole,Methimazole,"Dispensing Solutions, Inc.",66336-623
164,Childrens Acetaminophen,Acetaminophen,Rij Pharmaceutical Corporation,53807-520
165,Undecylenic Acid Liquid,Anti-Fungal Liquid,Premier Brands of America Inc.,56104-114
166,Nardil,Phenelzine Sulfate,Parke-Davis Div of Pfizer Inc,0071-0350
167,Sanafitil Talco,UNDECYLENIC ACID and ZINC UNDECYLENATE,"ZURICH MEDICAL LABS, LLC",61357-152
168,Piperacillin and Tazobactam,Piperacillin Sodium and Tazobactam Sodium,AuroMedics Pharma LLC,55150-121
169,Equaline Ibuprofen,Ibuprofen,Supervalu Inc,41163-660
170,Budesonide,budesonide,Carilion Materials Management,68151-4374
171,CONTRAVE,naltrexone hydrochloride and bupropion hydrochloride,"Takeda Pharmaceuticals America, Inc.",64764-890
172,lisinopril,lisinopril,RedPharm Drug Inc.,67296-0630
173,Iodine Tincture Mild,Iodine and Sodium Iodide and Alcohol,"Humco Holding Group, Inc",0395-1213
174,Methylphenidate Hydrochloride,methylphenidate hydrochloride,"Physicians Total Care, Inc.",54868-3454
175,Prednisolone Acetate,Prednisolone Acetate,Falcon Pharmaceuticals,61314-637
176,Diazepam,diazepam,Mylan Institutional Inc.,51079-285
177,Retin-A MICRO,Tretinoin,"Physicians Total Care, Inc.",54868-5604
178,Nectadyn,"DROSERA ROTUNDIFOLIA and IPECAC and RUMEX CRISPUS ROOT and ANTIMONY POTASSIUM TARTRATE and CUPRIC SULFATE and SPONGIA OFFICINALIS SKELETON, ROASTED",Heel Inc,50114-8510
179,Tempra,Acetaminophen,"Bristol-Myers Squibb de Mexico, S. de R.L. de C.V.",64613-5800
180,CETIRIZINE HYDROCHLORIDE,CETIRIZINE HYDROCHLORIDE,"MedVantx, Inc.",66116-417
181,Prascion RA Cream,Sodium sulfacetamide and sulfur,Prasco Laboratories,66993-925
182,My Pain Away,"Aesculus hippocastanum, Arnica montana, Belladonna, Crotalus horridus, Echinacea, Graphites, Heloderma, Lachesis mutus, Naja tripudians, Rhus toxicodendron, Ruta graveolens","Topical BioMedics, Inc.",61500-5587
183,Womens Laxative,Bisacodyl,Safeway,21130-326
184,Norvasc,amlodipine besylate,Cardinal Health,55154-2710
185,lisinopril,lisinopril,"NCS HealthCare of KY, Inc dba Vangard Labs",0615-7777
186,Unblem Est,Benzoyl Peroxide,Elli Est,42265-101
187,ITCHY SKIN RUNNY NOSE,FAGOPYRUM ESCULENTUM,Natural Health Supply,64117-228
188,Diovan HCT,valsartan and hydrochlorothiazide,Cardinal Health,55154-9667
189,Loratadine and Pseudoephedrine,loratadine and pseudoephedrine,"Physicians Total Care, Inc.",54868-5656
190,Venlafaxine Hydrochloride,Venlafaxine Hydrochloride,REMEDYREPACK INC.,49349-184
191,SHISEIDO FUTURE SOLUTION LX TOTAL RADIANCE FOUNDATION,OCTINOXATE and TITANIUM DIOXIDE,SHISEIDO AMERICAS CORPORATION,58411-232
192,Diazepam,diazepam,Mylan Pharmaceuticals Inc.,0378-0477
193,TOPIRAMATE,topiramate,Torrent Pharmaceuticals Limited,13668-031
194,NEUTRAMAXX 5000 PLUS TURBO,SODIUM FLUORIDE,Massco Dental A Division of Dunagin Pharmaceuticals,63783-500
195,Isopropyl Alcohol,Isopropyl Alcohol,Chain Drug Consotium,68016-804
196,Pear,Pear,"Nelco Laboratories, Inc.",36987-1354
197,Mesna,mesna,Mylan Institutional LLC,67457-148
198,FUSARIUM OXYSPORUM VASINFECTUM,FUSARIUM VASINFECTUM,"ALK-Abello, Inc.",0268-0898
199,Lidocaine Hydrochloride,Lidocaine,Aidarex Pharmaceuticals LLC,53217-064
200,Lamotrigine,Lamotrigine,Rebel Distributors Corp,21695-228
201,Laxative Pills Maximum Strength,Sennosides,"WOONSOCKET PRESCRIPTION CENTER,INCORPORATED",59779-348
202,Cacao Bean,Cacao Bean,"Nelco Laboratories, Inc.",36987-1633
203,Carvedilol,Carvedilol,Major Pharmaceuticals,0904-6301
204,Quality Choice Effervescent Cold Relief Plus,"Aspirin, Chlorpheniramine maleate, and Phenylephrine bitartrate",Chain Drug Marketing Association,63868-228
205,metronidazole,metronidazole,"Taro Pharmaceuticals U.S.A., Inc.",51672-5295
206,Alprazolam,Alprazolam,"PD-Rx Pharmaceuticals, Inc.",43063-367
207,Estring,estradiol,Pharmacia and Upjohn Company,0013-2150
208,Tusnel,"Dextromethorphan HBr, Guaifenesin, Pseudoephedrine HCl",LLORENS PHARMACEUTICALS INTERNATIONAL DIVISION,54859-801
209,Hydrocodone Bitartrate and Acetaminophen,Hydrocodone Bitartrate and Acetaminophen,"Actavis Pharma, Inc.",0591-2607
210,Cactus Cinis Avenae,Cactus Cinis Avenae,Uriel Pharmacy Inc.,48951-3001
211,Haloperidol,Haloperidol,Clinical Solutions Wholesale,58118-1392
212,VITALUMIERE AQUA,OCTINOXATE and TITANIUM DIOXIDE,CHANEL PARFUMS BEAUTE,68745-1018
213,Skin So Soft Bug Guard Plus IR3535,"Octocrylene, Octinoxate, Oxybenzone, Octisalate","Avon Products, Inc",10096-0121
214,Naproxen,Naproxen,Camber Pharmaceuticals,31722-341
215,MADA Hand Sanitizing Wipes,Alcohol,"Mada Medical Products, Inc.",11928-003
216,Childrens Pain and Fever,Acetaminophen,Meijer Distribution Inc,41250-631
217,Levetiracetam,levetiracetam,Mylan Pharmaceuticals Inc.,0378-5619
218,Pumpkin Seeds Antibacterial Foaming Hand Wash,Triclosan,"SJ Creations, Inc.",43269-881
219,Disney FAIRIES Sweet Berry Scented Antiseptic Hand Cleansing,ALCOHOL,"Bolero Home Decor, Inc.",57469-052
220,Esika,ALUMINUM SESQUICHLOROHYDRATE,"Ventura Corporation, Ltd.",13537-156
221,Telmisartan and Amlodipine,Telmisartan and Amlodipine,Torrent Pharmaceuticals Limited,13668-344
222,Alphanate,Antihemophilic Factor/von Willebrand Factor Complex (Human),"GRIFOLS USA, LLC",68516-4603
223,Oxygen,Oxygen,Richmond Respiratory & Medical Supply,60561-0001
224,JASMINE 3D WATERFUL CC,Zinc oxide,"AMI Cosmetic Co.,Ltd.",59535-3011
225,Cold and Flu Relief,"Aconitum napellus, Arsenicum album, Baptisia tinctoria, Bryonia, Causticum, Cinchona officinalis, Echinacea purpurea, Eucalyptus globulus, Eupatorium perfoliatum, Gelsemium sempervirens, Influenzinum, Phytolacca decandra, Rhus toxicodendron, Sarcolacticum acidum, Sulphur, Wyethia helenioides, Zincum aceticum, Zincum muriaticum, Zincum oxydatum",PharmWest Inc.,50441-0005
226,Indomethacin,Indomethacin,Sandoz Inc,0781-2350
227,Lorazepam,Lorazepam,Sandoz Inc,0781-5408
228,Prednisone,Prednisone,Hikma Pharmaceutical,59115-140
229,Sentry Antibac,Triclosan,"Deb USA, Inc.",11084-534
230,Levitra,vardenafil hydrochloride,"APHENA PHARMA SOLUTIONS - TENNESSEE, INC.",43353-748
231,Galantamine hydrobromide,Galantamine hydrobromide,"Watson Laboratories, Inc.",0591-3498
232,Adidas,ALUMINUM ZIRCONIUM TETRACHLOROHYDREX GLY,Coty US LLC,66184-125
233,Lymph Drainage,"Citrus limonum, Echinacea, Scrophularia nodosa, Teucrium Scorodonia, Baptisia tinctoria, Lobelia inflata, Phytolacca decandra, Pinus sylvestris, Zincum gluconicum, Thuja occidentalis, Capsicum annuum,",Apothecfa Company,57520-0912
234,Carbon Dioxide,Carbon Dioxide,Linde Gas North America LLC,25373-104
235,Russian Thistle,Russian Thistle,"Nelco Laboratories, Inc.",36987-3399
236,Prometh with Dextromethorphan,"Promethazine Hydrochloride, Dextromethorphan Hydrobromide",Actavis Mid Atlantic LLC,0472-1630
237,Cetirizine Hydrochloride,Cetirizine Hydrochloride,"Physicians Total Care, Inc.",54868-5845
238,Diaper Rash Balm,Skin Protectant,"Skinfix, Inc.",61328-001
239,Ranitidine,Ranitidine Hydrochloride,"Silarx Pharmaceuticals, Inc",54838-550
240,Lyrica,PREGABALIN,A-S Medication Solutions LLC,54569-8704
241,Cetirizine Hydrochloride,Cetirizine Hydrochloride,Sandoz Inc,0781-1684
242,Nutricel Additive System - AS-3,CP2D/AS-3 Anticoagulant and Additive System,Medsep Corporation,62646-AS3
243,Penicillin V Potassium,Penicillin V Potassium,Teva Pharmaceuticals USA Inc,0093-1174
244,Privine,Naphazoline Hydrochloride,Insight Pharmaceuticals LLC,63736-663
245,Levofloxacin,Levofloxacin,Sagent Pharmaceuticals,25021-132
246,Levetiracetam,Levetiracetam,Rebel Distributors Corp,21695-136
247,Nervousness - Anxiety,"Aconitum nap., Ambra, Anacardium orientale, Arg.nit., Asafoetida, Bryonia, Chamomilla, Cimicifuga, Coffea cruda, Cypripedium, Gelsemium, Hyoscyamus, Hypericum, Ignatia, Kali phos., Nux vom., Sambucus nig., Strychninum, Theridion, Valeriana, Passiflora","Newton Laboratories, Inc.",55714-4461
248,Back and Body,"Aspirin, Caffeine","GREENBRIER INTERNATIONAL, INC.",33992-0413
249,TERUFLEX Blood Bag System with Blood Sampling Arm Anticoagulant Citrate Phosphate Dextrose (CPD) AND OPTISOL (AS-5) Red Cell Preservative,Anticoagulant Citrate Phosphate Dextrose (CPD) AND AS-5 Red Cell Preservative,Terumo Corporation,53877-009
250,Diltiazem Hydrochloride,diltiazem hydrochloride,Mylan Institutional Inc.,51079-924
251,Tussin CF,"DEXTROMETHORPHAN HYDROBROMIDE, GUAIFENESIN, PHENYLEPHRINE HYDROCHLORIDE",Major Pharmaceuticals,0904-5770
252,Iodine Bush,Iodine Bush,"Nelco Laboratories, Inc.",36987-3226
253,Gabapentin,Gabapentin,American Health Packaging,68084-123
254,Vagi-Clear,"Sepia, Kreosotum, Kali phos , Pulsatilla, Nitricum ac",Feelgood Health,68647-201
255,Omeprazole,Omeprazole,St Marys Medical Park Pharmacy,60760-522
256,Health Mart anti nausea,"Dextrose (glucose), Levulose (fructose), Phosphoric Acid",McKesson,62011-0152
257,Hamamelis Aesculus,Hamamelis Aesculus,Uriel Pharmacy Inc.,48951-5031
258,Infants Gas Relief,Dimethicone,CVS,59779-701
259,Citalopram,Citalopram,Lake Erie Medical DBA Quality Care Products LLC,35356-868
260,Clonidine Hydrochloride,Clonidine Hydrochloride,Cardinal Health,55154-0685
261,Atropine Sulfate,Atropine Sulfate,"General Injectables & Vaccines, Inc.",52584-910
262,Breast Cyst and Discomforts,"Aconitum napellus, Bellis perennis, Bromium, Bryonia, Chamomilla, Conium maculatum, Iodium, Phellandrium aquaticum, Phytolacca decandra, Scrophularia nodosa, Silicea",King Bio Inc.,57955-0003
263,Fresh Sugar Honey Tinted Lip Treatment SPF15,octinoxate and oxybenzone,Guerlain,49817-1987
264,Armour Thyroid,"THYROID, PORCINE",A-S Medication Solutions LLC,54569-0919
265,Evista,Raloxifene hydrochloride,Lake Erie Medical & Surgical Supply DBA Quality Care Products LLC,49999-458
266,RUE 21 Free Spirit Fresh Flowers Anti Bacterial Hand Sanitizer,ALCOHOL,ENCHANTE ACCESSORIES INC.,50563-164
267,Oxygen,Oxygen,THH Acquisition LLC I dba Total Home Health,62789-0001
268,Ibuprofen,Ibuprofen,A-S Medication Solutions LLC,54569-0289
269,Aquafresh,sodium monofluorophosphate,GlaxoSmithKline Consumer Healthcare LP,0135-0130
270,Estradiol,Estradiol,"Watson Laboratories, Inc.",0591-0528
271,LOreal Paris true match super blendable makeup broad spectrum spf 17,Titanium Dioxide,L'Oreal USA Products Inc,49967-863
272,Olay Professional,Sulfur,Procter & Gamble Manufacturing Company,37000-303
273,CLE DE PEAU BEAUTE RADIANT FLUID FOUNDATION,OCTINOXATE and TITANIUM DIOXIDE,SHISEIDO AMERICAS CORPORATION,58411-203
274,Extended Phenytoin Sodium,Phenytoin Sodium,State of Florida DOH Central Pharmacy,53808-1040
275,LBEL NATURAL FINISH MOISTURIZING FOUNDATION SPF 25,Octinoxate and Titanium Dioxide,Ventura Corporation LTD,13537-243
276,Fluoxetine,Fluoxetine,Major Pharmaceuticals,0904-5785
277,Tussin Sugar Free,"Dextromethorphan Hydrobromide, GUAIFENESIN",Premier Value,68016-100
278,Reguloid,Psyllium Husks,Rugby Laboratories,0536-1875
279,Amoxicillin,Amoxicillin,A-S Medication Solutions LLC,54569-3335
280,BABOR Baborganic Crystal Face Scrub,Meadowfoam Seed Oil,"Babor Cosmetics America, Corp.",44924-010
281,RECOTHROM,Thrombin topical Recombinant,The Medicines Company,65293-007
282,anti nausea,"Dextrose (glucose), Levulose (fructose), Phosphoric Acid",Safeway,21130-291
283,SyDerm Complex,mucor racemosus and penicillium chrysogenum var. chrysogenum,Syntrion GmbH,10424-150
284,Oxygen,Oxygen,"Ablecare Medical, Inc.",63699-001
285,Naropin,ROPIVACAINE HYDROCHLORIDE,"Fresenius Kabi USA, LLC",63323-286
286,triple antibiotic,"Bacitracin, Neomycin, Polymyxin B, Pramoxine HCl",Meijer Distribution Inc,41250-679
287,Simplicity Desensitizing,Lidocaine,"Simplicity Laser, LLC",69109-004
288,ARTHROTEC,diclofenac sodium and misoprostol,Lake Erie Medical & Surgical Supply DBA Quality Care Products LLC,49999-987
289,Tretinoin,Tretinoin,Rebel Distributors Corp,21695-805
290,NAPRELAN,naproxen sodium,Bryant Ranch Prepack,63629-4146
291,WHITE CAVIAR ILLUMINATING HAND SUNSCREEN BROAD SPECTRUM SPF 15,"AVOBENZONE, HOMOSALATE, OCTINOXATE, OCTISALATE, OCTOCRYLENE","La Prairie, Inc.",68026-342
292,Softsoap Aquatic Splash Antibacterial with light Moisturizers,Benzalkonium chloride,Colgate Palmolive Company,35000-874
293,"Pollens - Weeds and Garden Plants, Goldenrod Solidago canadensis",Goldenrod Solidago canadensis,Jubilant HollisterStier LLC,65044-1630
294,Hot Flashes,"Belladonna 30c, Calc Phos 30c, Ferrum Phos 30c, Glonoine 30c, Lachesis 30c, Sanguinaria 30c Sepia 30c, Sulphur 30c",Home Sweet Homeopathics,59667-0073
295,Oxygen,Oxygen,"Matheson Tri-Gas, Inc.",55037-101
296,Propranolol Hydrochloride,Propranolol Hydrochloride,"General Injectables & Vaccines, Inc",52584-003
297,Aspergillus repens,Aspergillus repens,"Nelco Laboratories, Inc.",36987-1878
298,Soft Care Foam Antibacterial Hand Soap,Triclosan,"Johnson Diversey, Inc.",64536-3851
299,Tender Moments Baby Sunscreen Broad Spectrum SPF 50,"Avobenzone, Homosalate, Octisalate, Octocrylene, Oxybenzone",JAFRA COSMETICS INTERNATIONAL,68828-177
300,Mag-AL Plus,"Aluminum Hydroxide, Magnesium Hydroxide, and Simethicone","Pharmaceutical Associates, Inc.",0121-1761
301,OXYGEN,OXYGEN,"Sims Welding Supply Co, Inc.",55586-001
302,Lidocaine Hydrochloride,Lidocaine Hydrochloride,Cardinal Health,55154-3951
303,PredniSONE,PredniSONE,Lake Erie Medical DBA Quality Care Products LLC,35356-819
304,DIANEAL Low Calcium with Dextrose,"sodium chloride, sodium lactate, calcium chloride, magnesium chloride and dextrose",Baxter Healthcare Corporation,0941-0459
305,PVP-Iodine Sepp,povidone iodine,CareFusion 213 LLC,54365-145
306,Helium Oxygen Nitrogen mixture,Helium Oxygen Nitrogen mixture,Praxair Distribution Southeast LLC,49972-010
307,Umcka FastActives Cherry,Pelargonium sidoides,"Nature's Way Products, Inc.",53499-5347
308,PURIXAN,Purixan,"Nova Laboratories, Ltd",62484-0020
309,IROSPAN 24/6,"IRON, FOLIC ACID, VITAMIN/MINERAL SUPPLEMENT",WOMENS CHOICE PHARMACEUTICALS LLC,50967-126
310,Gas Relief,SIMETHICONE,Walgreens,0363-2242
311,Safeguard,Triclocarban,Procter & Gamble Manufacturing Company,37000-714
312,Amlodipine Besylate,AMLODIPINE BESYLATE,"Caraco Pharmaceutical Laboratories, Ltd.",57664-055
313,BETULA LENTA POLLEN,Birch White,"ALK-Abello, Inc.",0268-1072
314,Naturasil,Hypericum and Arnica Montana,"Nature's Innovation, Inc.",10893-350
315,Ziprasidone Hydrochloride,Ziprasidone Hydrochloride,Major Pharmaceuticals,0904-6272
316,INDOMETHACIN,indomethacin,"Caraco Pharmaceutical Laboratories, Ltd.",57664-120
317,Levetiracetam,levetiracetam,Accord Healthcare Inc.,16729-064
318,AHC Premium Intense Contour Balm,"Titanium Dioxide, Talc,Ethylhexyl Methoxycinnamate, Arbutin, Zinc Oxide, Methicone, Aluminum Hydroxide, Aluminum Stearate, Adenosine","Carver Korea Co.,Ltd",58930-050
319,venlafaxine,venlafaxine,NorthStar RxLLC,16714-313
320,HYDROCODONE BITARTRATE AND IBUPROFEN,HYDROCODONE BITARTRATE AND IBUPROFEN,Aidarex Pharmaceuticals LLC,33261-378
321,Ciprofloxacin,Ciprofloxacin,Claris Lifesciences Inc.,36000-030
322,LIDODERM,Lidocaine,Rebel Distributors Corp.,21695-075
323,Atenolol,Atenolol,Aurobindo Pharma Limited,65862-170
324,HAND AND NATURE SANITIZER,Alcohol,"NATURE REPUBLIC CO., LTD.",51346-236
325,Klonopin,Clonazepam,"Genentech, Inc.",0004-0068
326,CeraVe,"Titanium Dioxide, Zinc Oxide",Valeant Pharmaceuticals North America LLC,0187-2204
327,GENTAMICIN SULFATE,GENTAMICIN SULFATE,STAT RX USA LLC,16590-107
328,Choice Personal Care Cocoa Butter Scented Petroleum,White petroleum,My Import Inc,51628-3737
329,Lamotrigine,Lamotrigine,Bryant Ranch Prepack,63629-4169
330,Nora BE,Norethindrone,"Watson Pharma, Inc.",52544-629
331,Hand Sanitizer,Alcohol,McKesson,49348-405
332,SOFT AND PRECIOUS NURSERY,Petrolatum,Viny Health and Beauty Inc,76436-204
333,Aubagio,teriflunomide,Genzyme Corp.,58468-0210
334,Ketotifen Fumarate,Ketotifen Fumarate,CVS Pharmacy,59779-330
335,Citalopram,citalopram,Apotex Corp.,60505-2518
336,AZITHROMYCIN,AZITHROMYCIN,Aidarex Pharmaceuticals LLC,33261-403
337,Shellfish and Seafood Allergy Relief,"Adrenalinum, Belladonna, Bromium, Carbo animalis, Colchicum autumnale, Colocynthis, Histaminum hydrochloricum, Hydrastis canadensis, Kali carbonicum, Lycopodium clavatum, Mercurius solubilis, Pulsatilla, Urtica urens",King Bio Inc.,57955-6286
338,BACTROBAN,mupirocin calcium,GlaxoSmithKline LLC,0029-1526
339,Softlips Salted Caramel,"dimethicone, octinoxate, octisalate, oxybenzone",The Mentholatum Company,10742-8543
340,Perrigo Seb Prev,Sodium Sulfacetamide,Perrigo New York Inc,45802-954
341,Fluor-a-day,Sodium fluoride and Xylitol,"Arbor Pharmaceuticals, Inc.",24338-622
342,Natures Gate,"Octinoxate, Octisalate, Octocrylene, and Zinc Oxide",Levlad LLC,61380-264
343,Olay Fresh Effects,Salicylic Acid,Procter & Gamble Manufacturing Company,37000-315
344,Wheat Bunt,Wheat Bunt,"Nelco Laboratories, Inc.",36987-2173
345,ARTHRITIS RELIEF,"CAUSTICUM, COLCHICUM AUTUMNALE, BENZOICUM ACIDUM, APIS MELLIFICA, ARSENICUM ALBUM, ARNICA MONTANA, NATRUM CARBONICUM",HOMEOLAB USA INC.,60512-0009
346,good sense pain relief,Acetaminophen,L. Perrigo Company,0113-0130
347,Adderall,"Dextroamphetamine Saccharate, Amphetamine Aspartate, Dextroamphetamine Sulfate, and Amphetamine Sulfate",Barr Laboratories Inc.,0555-0762
348,ActivOn Ultra Strength,Menthol,"Family First Pharmaceuticals, Inc.",51068-503
349,Callicide Corn and Callus Remover,Salicylic acid,"Menper Distributors, Inc.",53145-022
350,Benazepril Hydrochloride,Benazepril Hydrochloride,Amneal Pharmaceuticals,65162-754
351,Diltiazem Hydrochloride,diltiazem hydrochloride,Mylan Pharmaceuticals Inc.,0378-0045
352,Right Guard Sport I.S. Antiperspirant Deodorant Active,Aluminum Zirconium Trichlorohydrex Gly,The Dial Corporation,54340-187
353,up and up sinus congestion and pain,"Acetaminophen, Phenylephrine HCl",Target Corporation,11673-272
354,Vinorelbine,Vinorelbine,Pfizer Laboratories Div Pfizer Inc.,0069-0099
355,ABILIFY,ARIPIPRAZOLE,Lake Erie Medical & Surgical Supply DBA Quality Care Products LLC,49999-816
356,morphine sulfate,morphine sulfate,Bryant Ranch Prepack,63629-4667
357,Peter Island Sunscreen,"HOMOSALATE, OXYBENZONE, OCTISALATE, AVOBENZONE, OCTOCRYLENE",AMWAY CORP.,50390-705
358,CENTER-AL - QUERCUS ALBA POLLEN,Allergenic Extracts Alum Precipitated,"ALK-Abello, Inc.",0268-0122
359,Dover Sudanyl PE,PHENYLEPHRINE HYDROCHLORIDE,Unifirst First Aid Corporation,47682-162
360,Acetaminophen,Acetaminophen,SUPERVALU INC.,41163-333
361,Snow Skin Sunscreen Lip Balm,"AVOBENZONE, OCTINOXATE, OCTOCRYLENE","Skin Alive, Ltd.",75916-0659
362,Temazepam,temazepam,Mylan Pharmaceuticals Inc.,0378-3120
363,LACURA,Aluminum Zirconium Tetrachlorohydrex Gly,ALDI INC,64024-969
364,Sovaldi,SOFOSBUVIR,"Gilead Sciences, Inc.",61958-1501
365,Ofloxacin,ofloxacin,Dr. Reddy's Laboratories Limited,55111-162
366,GREASEWOOD POLLEN,sarcobatus vermiculatus pollen,"Allergy Laboratories, Inc.",54575-129
367,POPULUS DELTOIDES POLLEN,Cottonwood Eastern Common,"ALK-Abello, Inc.",0268-1130
368,Panic Ease,"Aconitum nap., Apis mel., Arnica, Arsenicum alb., Belladonna, Bellis, Bryonia, Calendula, Chamomilla, Cistus canadensis, Ferrum phosphoricum, Histaminum hydrochloricum, Hypericum, Ignatia, Mezereum, Ornithogalum, Passiflora, Phosphorus, Prunus spin., Rhus toxicodendron, Sarcolacticum ac., Sulphur, Veratrum alb., Valeriana","Newton Laboratories, Inc.",55714-4626
369,Exelon,rivastigmine tartrate,"Physicians Total Care, Inc.",54868-5839
370,GloStrips,Rose Bengal Sodium,Nomax Inc.,51801-004
371,Male Formula Plus,"Avena Sativa, Carduus Marianus, Damiana, Galium Aparine,Hamamelis Virginiana, Hepar Bovine, Korean Ginseng, Nuphar Luteum Tincture",Yuen Method,55546-0001
372,Mepivacaine Hydrochloride,Mepivacaine Hydrochloride,"Hospira, Inc.",0409-7551
373,Degree for Men Power,Aluminum Zirconium Tetrachlorohydrex GLY,Conopco Inc. d/b/a Unilever,64942-0819
374,Phendimetrazine Tartrate,Phendimetrazine Tartrate,"KVK-TECH, INC",10702-078
375,Psorent,COAL TAR,NeoStrata Company Inc.,58414-8960
376,Bisoprolol Fumarate and Hydrochlorothiazide,Bisoprolol Fumarate and Hydrochlorothiazide,Bryant Ranch Prepack,63629-1674
377,Toppik Womens Hair Regrowth Treatment,Minoxidil,"Spencer Forrest, Inc.",61355-569
378,Blemish,Benzoyl peroxide,Kamins Dermatologics Inc.,63550-193
379,Servo-Stat,Alcohol,"Enzyme Solutions, Inc.",76378-015
380,Sciatica - Nerve Care,"Aconitum nap., Ammonium benzoicum, Arsenicum alb., Benzoicum acidum, Bryonia, Causticum, Cinchona, Colchicum, Gnaphalium polycephalum, Iris versicolor, Kali iod., Ledum, Lithium carb., Nux vom., Phytolacca, Rhus toxicodendron, Ruta, Sambucus nig., Strychninum, Hypericum, Urtica ur.","Newton Laboratories, Inc.",55714-2296
381,PAULAS CHOICE HYDRALIGHT SHINE-FREE DAILY MINERAL COMPLEX Broad Spectrum SPF 30,"TITANIUM DIOXIDE, ZINC OXIDE","Paula's Choice, Inc",76144-000
382,HEPAR SULPH. CALC.,CALCIUM SULFIDE,Hyland's,54973-0614
383,Adrenoplex,"Echinacea (Angustifolia), Adrenalinum, Glandula suprarenalis bovine, Spleen (suis), Carduus marianus, Lycopodium clavatum,","BioActive Nutritional, Inc.",43857-0310
384,Amitriptyline Hydrochloride,Amitriptyline Hydrochloride,"PD-Rx Pharmaceuticals, Inc.",55289-016
385,Zinc Sulfate,Zinc Sulfate,"American Regent, Inc.",0517-6110
386,Diazepam,Diazepam,American Health Packaging,68084-359
387,Ramipril,Ramipril,Cadila Healthcare Limited,65841-657
388,Ceramide Lift And Firm Makeup Broad Spectrum Sunscreen SPF 15 Mocha,OCTINOXATE and TITANIUM DIOXIDE,"Elizabeth Arden, Inc",67938-0948
389,MATTE MOISTURE TINT SUNSCREEN BROAD SPECTRUM SPF 15,ZINC OXIDE AND TITANIUM DIOXIDE,Jouer Cosmetics LLC,69017-204
390,Metronidazole,Metronidazole,Lake Erie Medical & Surgical Supply DBA Quality Care Products LLC,49999-095
391,Edometriosis,"Arsenicum alb., Bryonia, Cimicifuga, Cinchona, Conium, Hydrastis, Iodium, Lachesis, Lilium, Lycopodium, Phosphorus, Pulsatilla, Rhus toxicodendron, Sabina, Secale, Sepia, Apis mel., Hamamelis","Newton Laboratories, Inc.",55714-4493
392,Dexpanthenol,Dexpanthenol,"American Regent, Inc.",0517-0131
393,MIGRAIDE,"CYCLAMEN PURPURASCENS TUBER, BLACK COHOSH, GELSEMIUM SEMPERVIRENS ROOT, IRIS VERSICOLOR ROOT, SANGUINARIA CANADENSIS ROOT",Natures Way Holding Co.,53499-2390
394,NAPROXEN,NAPROXEN,REMEDYREPACK INC.,52125-559
395,Bipolaris sorokiniana,Bipolaris sorokiniana,"Nelco Laboratories, Inc.",36987-1999
396,Antiseptic,"alcohol, benzocaine","Safetec of America, Inc.",61010-7200
397,Full Care Povidone Iodine Swabsticks,POVIDONE-IODINE,"Shaoxing Fuqing Health Products Co., Ltd.",65028-001
398,Reactice,Menthol,"Rejuventus, Inc.",75963-125
399,Clotrimazole and Betamethasone Dipropionate,CLOTRIMAZOLE and BETAMETHASONE DIPROPIONATE,Prasco Laboratories,66993-898
400,Pain Relief,Ibuprofen,P and L Development of New York Corporation,59726-167
401,Hemorrhoidal,"glycerin, phenylephrine HCl, pramoxine HCl, white petrolatum",CVS Pharmacy,59779-944
402,Australian Gold,"Avobenzone, Octocrylene, and Oxybenzone","Prime Enterprises, Inc.",58443-0029
403,Ciprofloxacin,CIPROFLOXACIN HYDROCHLORIDE,REMEDYREPACK INC.,52125-537
404,Sochlor,Sodium Chloride Hypertonicity Ophthalmic Ointment 5% Sterile,"OCuSOFT, Inc.",54799-926
405,Halobetasol Propionate,halobetasol propionate,"Physicians Total Care, Inc.",54868-4907
406,Lisinopril,Lisinopril,State of Florida DOH Central Pharmacy,53808-0888
407,CEFPROZIL,CEFPROZIL,"Physicians Total Care, Inc.",54868-5756
408,equate daytime nitetime,"Acetaminophen, Dextromethorphan HBr, Doxylamine succinate, Phenylephrine HCl",Wal-Mart Stores Inc,49035-090
409,hydrocortisone,Hydrocortisone,H E B,37808-885
410,DIPYRIDAMOLE,DIPYRIDAMOLE,"Rising Pharmaceuticals, Inc.",64980-135
411,SOLU-MEDROL,methylprednisolone sodium succinate,"US MedSource, LLC",61699-0047
412,Allergy Relief,Cetirizine HCl,"Dolgencorp, Inc. (DOLLAR GENERAL & REXALL)",55910-129
413,Clobetasol Propionate,Clobetasol Propionate,"Physicians Total Care, Inc.",54868-3698
414,Chamomilla,Chamomilla,"True Botanica, LLC",53645-1320
415,Pravastatin Sodium,pravastatin sodium,"Physicians Total Care, Inc.",54868-5578
416,Lucky Instant Hand Cleanser with Aloe Vera,Ethyl Alcohol,Delta Brands Inc,20276-157
417,Acetaminophen,Acetaminophen,"Physicians Total Care, Inc.",54868-3832
418,SyDerm Complex,mucor racemosus and penicillium chrysogenum var. chrysogenum,Syntrion GmbH,10424-150
419,California Black Oak,California Black Oak,"Nelco Laboratories, Inc.",36987-2837
420,Senna Laxative,Sennosides,"FRED'S, INC.",55315-298
421,Nicotine,Nicotine Polacrilex,Kroger Company,30142-422
422,SMART SENSE,"EUCALYPTOL, MENTHOL, METHYLSALICYLATE, THYMOL",KMART CORPORATION,49738-555
423,mucus relief cold and sinus,"Acetaminophen, guaifenesin, phenylephrine HCl",Western Family Foods Inc,55312-145
424,Headache Relief,"Acetaminophen, Aspirin, Caffeine",AmerisourceBergen (Good Neighbor Pharmacy) 46122,46122-248
425,DDF,"Avobenzone, Homosalate, Octisalate and Octocrylene",Procter & Gamble Manufacturing Co.,37000-710
426,Ketoconazole,Ketoconazole,Bryant Ranch Prepack,63629-1485
427,Lamotrigine,Lamotrigine,Wockhardt USA LLC.,64679-274
428,Ranitidine Hydrochloride,Ranitidine Hydrochloride,Sandoz Inc,0781-1884
429,Leg Cramp Away,"Calc phos, Mag phos, Nux vom, Rhus tox","Native Remedies, LLC",68703-088
430,good sense nicotine,Nicotine Polacrilex,L. Perrigo Company,0113-0206
431,Loratadine,Loratadine,"Innovative Manufacturing and Distribution Services, Inc.",59564-251
432,Lemon and Basil Antibacterial Foaming Hand Wash,Triclosan,"SJ Creations, Inc.",43269-829
433,Imipenem and Cilastatin,IMIPENEM and CILASTATIN SODIUM,"Hospira, Inc.",0409-3507
434,Levofloxacin,Levofloxacin,Rebel Distributors Corp,21695-027
435,FENTANYL TRANSDERMAL SYSTEM,fentanyl transdermal system,Bryant Ranch Prepack,63629-4771
436,Angelica UV Shield SPF 40,TITANIUM DIOXIDE,LABORATOIRES M&L,10345-018
437,Non Aspirin PM,"Acetaminophen, Diphenhydramine HCl","Chain Drug Consortium, LLC (Premier Value)",68016-188
438,Methylprednisolone,Methylprednisolone,Unit Dose Services,50436-4037
439,Nausea Headache,DIGITALIS,Natural Health Supply,64117-139
440,Benazepril Hydrochloride,Benazepril Hydrochloride,Bryant Ranch Prepack,63629-2679
441,PRO-SOURCE ANTIMICROBIAL HAND CLEANING WIPES,BENZALKONIUM CHLORIDE,MSC Industrial Supply,59846-681
442,Mirtazapine,Mirtazapine,"Physicians Total Care, Inc.",54868-6384
443,Irbesartan and Hydrochlorothiazide,Irbesartan and Hydrochlorothiazide,Aurobindo Pharma Limited,65862-630
444,Secret Clinical Invisible,Aluminum Zirconium Tetrachlorohydrex Gly,Procter & Gamble Manufacturing Company,37000-365
445,Bone Strengthener,"Calcarea carbonica, Calcarea fluorica, Calcarea phosphorica, Equisetum hyemale, Hekla lava, Phosphorus, silicea",King Bio Inc.,57955-0070
446,Varico HP,"Calcarea Fluorica, Activated Charcoal, Hamamelis Virginiana Root Bark / Stem Bark, Lachesis Muta Venom, Lycopodium Clavatum Spore, Pulsatilla Vulgaris, Claviceps Purpurea Sclerotium, Delphinium Staphisagrea Seed, Zinc","Natural Creations, Inc.",43406-0050
447,ATOPALM CLOTRIMAZOLE ANTIFUNGAL,CLOTRIMAZOLE,"NeoPharm Co., Ltd.",51141-1000
448,Motrin,Ibuprofen,"McNeil Consumer Healthcare Div McNeil-PPC, Inc",50580-198
449,Valium,diazepam,Cardinal Health,55154-3114
450,JUNIPERUS VIRGINIANA POLLEN,Red Cedar,"ALK-Abello, Inc.",0268-6695
451,LANOXIN,digoxin,Cardinal Health,55154-0702
452,Riax,BENZOYL PEROXIDE,"Artesa Labs, LLC",57893-304
453,Aveeno Calamine and Pramoxine Hydrochloride Anti Itch,"Ferric Oxide Red, Zinc Oxide, and Pramoxine Hydrochloride","Johnson & Johnson Consumer Products Company, Division of Johnson & Johnson Consumer Companies, Inc.",58232-9911
454,Benztropine Mesylate,benztropine mesylate,REMEDYREPACK INC.,52125-073
455,Alprazolam,Alprazolam,Actavis Elizabeth LLC,0228-4025
456,Hydralazine Hydrochloride,Hydralazine Hydrochloride,A-S Medication Solutions LLC,54569-0517
457,No7 Lift and Luminate Foundation Sunscreen Broad Spectrum SPF 15 Wheat,Octinoxate,Boots Retail USA Inc,68472-131
458,ARNICA MONTANA (WHOLE PLANT),WHOLE ARNICA PLANT,Remedy Makers,10191-1250
459,Nystatin and Triamcinolone Acetonide,Nystatin and Triamcinolone Acetonide,"Taro Pharmaceuticals U.S.A., Inc.",51672-1263
460,Hydrocodone Bitartrate and Acetaminophen,Hydrocodone Bitartrate and Acetaminophen,A-S Medication Solutions LLC,54569-4272
461,Humphreys Baby Teething Relief Original,"matricaria recutita, arabica coffee bean, tribasic calcium phosphate","Humphreys Pharmacal, Incorporated",0219-6103
462,No7 Stay Perfect Foundation Sunscreen SPF 15,Octinoxate and Titanium Dioxide,Boots Retail USA Inc,68472-088
463,Naproxen,Naproxen,Carilion Materials Management,68151-2894
464,California Live Oak,California Live Oak,"Nelco Laboratories, Inc.",36987-2848
465,Topiramate,TOPIRAMATE,Keltman Pharmaceuticals Inc.,68387-560
466,Exuviance CoverBlend Skin Caring Foundation,TITANIUM DIOXIDE,NeoStrata Company Inc.,58414-8731
467,CITALOPRAM,CITALOPRAM,"International Labs, Inc.",54458-981
468,La Vaquita,Methyl Salicylate,Delon Laboratories (1990) Ltd,61734-091
469,Lamotrigine,Lamotrigine,"AvKARE, Inc.",42291-369
470,Escitalopram,Escitalopram,REMEDYREPACK INC.,52125-690
471,risperidone,risperidone,Cadila Healthcare Limited,65841-669
472,Lorazepam,Lorazepam,Aidarex Pharmaceuticals LLC,33261-068
473,Polytrim,polymyxin b sulfate and trimethoprim sulfate,"Allergan, Inc.",0023-7824
474,VERELAN PM,verapamil hydrochloride,Kremers Urban Pharmaceuticals Inc.,62175-572
475,SHISEIDO SHEER AND PERFECT FOUNDATION,OCTINOXATE and TITANIUM DIOXIDE,SHISEIDO AMERICAS CORPORATION,58411-103
476,sunmark,Clotrimazole,McKesson,49348-379
477,Promethazine Hydrochloride,Promethazine Hydrochloride,"Preferred Pharmaceuticals, Inc",68788-9183
478,Temazepam,Temazepam,McKesson Contract Packaging,76237-251
479,Celox Antiseptic,ALCOHOL,"Certus Medical, Inc.",75990-221
480,Vision Complex,"Aurum metallicum, Belladonna, Cactus grandiflorus, China officinalis, Conium maculatum, Curare, Gelsemium sempervirens, Phosphorus, Ruta graveolens, Veratrum album","Nova Homeopathic Therapeutics, Inc.",52731-7047
481,Sufentanil Citrate,Sufentanil Citrate,"Akorn, Inc.",17478-050
482,Lisinopril,Lisinopril,"Watson Laboratories, Inc.",0591-0409
483,DOUBLE MATTE,OCTINOXATE,Estee Lauder Inc.,11559-732
484,NATURCOKSINUM FLU RELIEF,ANAS BARBARIAE HEPATIS ET CORDIS EXTRACTUM,HOMEOLAB USA INC,60512-0006
485,Antioxidant Primer,Titanium Dioxide and Zinc Oxide,Bare Escentuals Beauty Inc.,98132-184
486,LISINOPRIL,LISINOPRIL,Camber Pharmaceuticals Inc.,31722-422
487,CS-Ovary,"Apis mellifica, Arsenicum album, Aurum iodatum, Baryta muriatica, Colocynthis, Conium maculatum, Iodium, Lachesis mutus, Lycopodium clavatum, Naja tripudians, Oophorinum, Platinum metallicum, Podophyllum peltatum",King Bio Inc.,57955-0216
488,Cephalexin,Cephalexin,STAT Rx USA LLC,42549-565
489,MINOXIDIL,minoxidil,"AvKARE, Inc.",42291-619
490,Clopidogrel Bisulfate,clopidogrel,Mylan Pharmaceuticals Inc.,0378-3627
491,Sodium Chloride,Sodium Chloride,Cardinal Health,55154-0126
492,Instant Hand Sanitizer,Alcohol,Hydrox Laboratories,10565-467
493,NITROUS OXIDE,NITROUS OXIDE,Keen Compressed Gas Co. Inc.,48273-002
494,Bacitracin Zinc and Polymyxin B Sulfate,Bacitracin Zinc and Polymyxin B Sulfate,Bausch & Lomb Incorporated,24208-555
495,Tetracycline Hydrochloride,Tetracycline Hydrochloride,STAT Rx USA LLC,16590-217
496,Fexofenadine Hydrochloride,fexofenadine hydrochloride,"PD-Rx Pharmaceuticals, Inc.",55289-957
497,Healthy Wear Powder Foundation,"Octinoxate, Titanium Dioxide, Zinc Oxide",Physicians Formula Inc,31645-151
498,TAZICEF,CEFTAZIDIME,"Hospira, Inc.",0409-5092
499,COMMON MUGWORT POLLEN,artemisia vulgaris pollen,"Allergy Laboratories, Inc.",54575-136
500,ibuprofen,Ibuprofen,Western Family Foods Inc,55312-461
501,California Live Oak,California Live Oak,"Nelco Laboratories, Inc.",36987-2850
502,Naturals,Aluminum Chlorohydrate,"Avon Products, Inc.",10096-0219
503,SOLIDAGO CANADENSIS POLLEN,Goldenrod,"ALK-Abello, Inc.",0268-1191
504,Therapeutic Plus,Coal Tar,"CVS Pharmacy, Inc",59779-826
505,Lymph Plus,"Geranium robertianum, Nasturtium aquaticum, Aloe socotrina, Juglans regia, Myosotis, arvensis, Scrophularia nodosa, Teucrium scordonia, Apis mellifica, Equisetum hyemale, Fumaria officinalis, Natrum s",Apotheca Company,57520-1046
506,JIANZE ALCOHOL PREP PAD MEDIUM,ISOPROPYL ALCOHOL,"Changzhou Jianze Sanitary Material Co., Ltd.",50666-002
507,Sexual Identity,"Ammonium muriaticum, Conium maculatum, Ignatia amara, Juglans regia, flos, Mancinella, Natrum muriaticum, Ocimum basilicum, Phosphorus, Platinum metallicum, Sepia, Staphysagria, Thuja occidentalis",King Bio Inc.,57955-1271
508,tizanidine,tizanidine,"Golden State Medical Supply, Inc.",60429-242
509,Good Sense Aspirin,Aspirin,L Perrigo Company,0113-0535
510,Trazodone Hydrochloride,Trazodone Hydrochloride,REMEDYREPACK INC.,24236-624
511,CLARINS MEN UV Protection SPF 40,TITANIUM DIOXIDE,Laboratoires Clarins S.A,58668-0351
512,Seb Prev,Sodium Sulfacetamide,Perrigo New York Inc,45802-939
513,Cefadroxil,Cefadroxil,Aurobindo Pharma Limited,65862-085
514,NARS,Octinoxate and Titanium dioxide,NARS COSMETICS,13734-013
515,LBel Paris,"Octinoxate, Octocrylene, and Oxybenzone",Ventura International LTD,14783-038
516,Equaline childrens pain and fever,Acetaminophen,Supervalu Inc,41163-314
517,Folic Acid,Folic Acid,"Blu Pharmaceuticals, LLC",24658-110
518,Fungicure,Sepia,"Alva-Amco Pharmacal Companies, Inc.",52389-126
519,Good Sense Nicotine,Nicotine Polacrilex,L. Perrigo Company,0113-8365
520,Constipation Cramps,LEAD,Natural Health Supply,64117-581
521,Synthroid,Levothyroxine Sodium,A-S Medication Solutions LLC,54569-0907
522,Arthritis Pain and Joint Relief / Soulagement De La Douleur Arthritique Et Articulaire,"Actaea spicata, Aesculus hippocastanum, Arnica montana, Bellis perennis, Bryonia, Calcarea carbonica, Calcarea fluorica, Causticum, Cimicifuga racemosa, Formicum acidum, Hypericum perforatum, Ledum palustre, Lithium carbonicum, Magnesia phosphorica, Phosphorus, Phytolacca decandra, Pulsatilla, Rhododendron chrysanthum, Rhus toxicodendron, Ruta graveolens, Salicylicum acidum, Sepia, Zincum metallicum",King Bio Inc.,57955-1804
523,HEADACHE,PAEONIA OFFICINALIS ROOT,Natural Health Supply,64117-275
524,leader nicotine,Nicotine Polacrilex,Cardinal Health,37205-987
525,CEDAX,CEFTIBUTEN DIHYDRATE,"Pernix Therapeutics, LLC",65224-804
526,Parinum 40 (Number 57),"Atropa Belladonna, Arnica Montana",Paramesh Banerji Life Sciences LLC,69152-0057
527,THYROID HP,"Barium Carbonate, Oyster Shell Calcium Carbonate, Crude, Fucus Vesiculosus, Iodine, Sodium Chloride, Pulsatilla Vulgaris, Spongia Officinalis Skeleton, Roasted, Thyroid","Natural Creations, Inc.",43406-0049
528,rizatriptan benzoate,rizatriptan benzoate,"Glenmark Generics Inc., USA",68462-468
529,SKIN ERUPTIONS,TOXICODENDRON VERNIX LEAFY TWIG,Natural Health Supply,64117-281
530,Betamethasone Dipropionate,Betamethasone Dipropionate,Rebel Distributors Corp.,21695-521
531,CLADOSPORIUM SPHAEROSPERMUM,CLADOSPORIUM SPHAEROSPERMUM,"ALK-Abello, Inc.",0268-0867
532,equaline anti itch,Hydrocortisone,Supervalu Inc,41163-369
533,Mandragora Arnica,Mandragora Arnica,Uriel Pharmacy Inc.,48951-7012
534,Propafenone HCl,Propafenone hydrochloride,McKesson Packaging Services a business unit of McKesson Corporation,63739-509
535,ACETAMINOPHEN AND CODEINE PHOSPHATE,acetaminophen and codeine phosphate,"Aphena Pharma Solutions - Tennessee, LLC",67544-001
536,SEUK,Allantoin,"NANOPOLY CO., LTD.",54170-130
537,INSTANT HAND SANITIZER,ETHYL ALCOHOL,CVS PHARMACY,59779-254
538,Lamotrigine,Lamotrigine,REMEDYREPACK INC.,49349-055
539,Skelaxin,Metaxalone,Cardinal Health,55154-3650
540,Fin McMissie Sun Smacker SPF 24 Vroom Vroom Vanilla,"OCTINOXATE, OXYBENZONE, PADIMATE O",Bonne Bell LLC,50051-0012
541,ANTI-AGING CONCEALER FACE EYES SUNSCREEN SPF 20 Shade 30,"OCTINOXATE, OCTISALATE, OXYBENZONE","La Prairie, Inc.",68026-533
542,Arsenicum Album Kit Refill,ARSENIC TRIOXIDE,Washington Homeopathic Products,68428-033
543,Cyclobenzaprine Hydrochloride,Cyclobenzaprine Hydrochloride,"Breckenridge Pharmaceutical, Inc.",51991-467
544,Ponderosa Pine,Ponderosa Pine,"Nelco Laboratories, Inc.",36987-2959
545,ANTIBACTERIAL FOAMING,TRICLOSAN,MEIJER DISTRIBUTION INC,41250-185
546,Hemorrhoidal,"glycerin, phenylephrine HCl, pramoxine HCl, white petrolatum",CVS Pharmacy,59779-944
547,Clarithromycin,Clarithromycin,KAISER FOUNDATION HOSPITALS,0179-0076
548,Dexamethasone Sodium Phosphate,Dexamethasone Sodium Phosphate,Butler Animal Health Supply,11695-1411
549,Poly Bacitracin,Bacitracin zinc and Polymyxin B sulfate,"Phoenix Global Supply Group, Inc",52426-420
550,ESIKA,OCTINOXATE,"Ventura Corporation (San Juan, P.R)",13537-321
551,CELEBREX,Celecoxib,"PD-Rx Pharmaceuticals, Inc.",55289-451
552,Sertraline Hydrochloride,Sertraline Hydrochloride,"MedVantx, Inc.",66116-377
553,Levofloxacin,Levofloxacin,Major Pharmaceuticals,0904-6353
554,Bio Wild Rose,"Wild rose,",Apotheca Company,57520-0846
555,Zolpidem tartrate,Zolpidem tartrate,Cardinal Health,55154-1399
556,LACHESIS MUTUS,BUSHMASTER VENOM,REMEDY MAKERS,10191-1460
557,Pristiq,desvenlafaxine succinate,"Physicians Total Care, Inc.",54868-2932
558,Clenz-Lyte,Polyethylene Glycol 3350,"Paddock Laboratories, Inc.",0574-0427
559,FAMILY WELLNESS MEDICATED COOLING PADS,WITCH HAZEL,FAMILY DOLLAR,55319-032
560,GENTAMICIN SULFATE,gentamicin sulfate,Aidarex Pharmaceuticals LLC,33261-604
561,DILANTIN,PHENYTOIN SODIUM,REMEDYREPACK INC.,49349-099
562,Rite Aid,TRICLOSAN,RITE AID CORPORATION,11822-7200
563,Phenytoin,Phenytoin,"Physicians Total Care, Inc.",54868-2038
564,Indomethacin,Indomethacin,REMEDYREPACK INC.,49349-873
565,Isosorbide Dinitrate,Isosorbide Dinitrate,REMEDYREPACK INC.,49349-793
566,CLOTRIMAZOLE,CLOTRIMAZOLE,Geritrex Corp,54162-018
567,Dexamethasone,Dexamethasone,Bryant Ranch Prepack,63629-4129
568,Ciprofloxacin,ciprofloxacin hydrochloride,RedPharm Drug Inc.,67296-0580
569,Vectibix,panitumumab,Amgen Inc,55513-956
570,Lidocaine,LIDOCAINE HYDROCHLORIDE,"APP Pharmaceuticals, LLC",63323-201
571,URSODIOL,URSODIOL,STAT RX USA LLC,16590-349
572,Oxygen,Oxygen,"Youngstown Oxygen & Welding Supply, Inc.",54316-123
573,Too Faced BB Creme Complete Coverage Make-Up,TITANIUM DIOXIDE,TOO FACED COSMETICS,79596-100
574,Chemtox,"Triticum Aestivum, Berberis Vulgaris, Glycyrrhiza Glabra, Lappa Major, Phytolacca Decandra, Rhamnus Frangula, Rhamnus Purshiana, Stillingia Sylvatica","BioActive Nutritional, Inc.",43857-0049
575,"Pollens - Trees, Tree Mix 5",Tree Mix 5,Jubilant HollisterStier LLC,65044-2858
576,CitraNatal Harmony,"Calcium citrate, Iron pentacarbonyl, Cholecalciferol, .Alpha.-tocopherol, DL-, Pyridoxine hydrochloride, Folic Acid, Docusate Sodium, and Doconexent",MISSION PHARMACAL COMPANY,0178-0799
577,Aplicare Povidone-Iodine,Povidone-Iodine,"Aplicare, Inc.",52380-4801
578,Timoptic-XE,Timolol Maleate,"Aton Pharma, Inc.",25010-811
579,Paroxetine,Paroxetine hydrochloride,Contract Pharmacy Services-PA,67046-531
580,COCONUT,coconut,"Allergy Laboratories, Inc.",54575-378
581,valsartan and hydrochlorothiazide,valsartan and hydrochlorothiazide,Apotex Corp.,60505-3806
582,Maple Pollen Mixture,Maple Pollen Mixture,"Antigen Laboratories, Inc.",49288-0309
583,Diphenhydramine HCl and Zinc Acetate,Extra Strength Itch Relief Continuous Spray,Premier Brands of America Inc.,56104-015
584,East Sycamore,East Sycamore,"Nelco Laboratories, Inc.",36987-3046
585,Health Mart Pain Relief,Acetaminophen,McKesson,62011-0022
586,LBEL EFFET PARFAIT Polvos Compactos de Larga Duracion para rostro FPS 15 /Long Lasting Compact SPF 15,Zinc Oxide and Titanium Dioxide,Ventura Corporation LTD,13537-409
587,Acute Care Kit,"Aconitum Napellus, Antimonium Tartaricum, Apis Mellifica, Arnica Montana, Arsenicum Album, Belladonna, Cantharis, Carbo Vegetabilis, Chamomilla, Cinchona, Gelsemium, Hepar Sulph Calcareum, Hypericum Perforaturm, Ipecacuanha, Kali Bichromicum, Lachesis Mutus, Lycopodium Clavatum, Nux Vomica, Phosphorus, Pulsatilla, Rhus Toxicodendron, Urtica Urens",MARPE LLC,62990-690
588,Sulfacetamide Sodium and Prednisolone Sodium Phosphate,Sulfacetamide Sodium and Prednisolone Sodium Phosphate,Bausch & Lomb Incoporated,24208-317
589,GALANTAMINE HYDROBROMIDE,GALANTAMINE HYDROBROMIDE,"Global Pharmaceuticals, Division of Impax Laboratories Inc.",0115-1121
590,PredniSONE,PredniSONE,Clinical Solutions Wholesale,58118-0018
591,Cefdinir,Cefdinir,Aidarex Pharmaceuticals LLC,33261-905
592,Nitrogen,Nitrogen,American Welding & Gas,44076-006
593,DG Ice Cold Analgesic,Menthol,"Dolgencorp, LLC",55910-815
594,Dextrose,Dextrose monohydrate,Baxter Healthcare Corporation,0338-0719
595,NovoLog,insulin aspart,"Dispensing Solutions, Inc.",68258-8899
596,ARTEMISIA FRIGIDA POLLEN,Sage Prairie,"ALK-Abello, Inc.",0268-1468
597,Triamcinolone Acetonide,Triamcinolone Acetonide,"Rising Pharmaceuticals, Inc.",64980-320
598,Cough Relief,DEXTROMETHORPHAN HYDROBROMIDE,"Aaron Industries, Inc.",49580-3104
599,VALSARTAN,VALSARTAN,Ohm Laboratories Inc.,51660-140
600,Cefuroxime Axetil,Cefuroxime Axetil,Gen-Source Rx,52343-047
601,Bio Holly,"Holly,",Apotheca Company,57520-0517
602,Extra Strength Headache Relief,"Acetaminophen, Aspirin, Caffeine",SUPERVALU INC.,41163-159
603,Cisplatin,Cisplatin,Mylan Institutional LLC,67457-424
604,Ampicillin,Ampicillin Sodium,Sandoz Inc,0781-3412
605,Dior Bronze Collagen Activ SPF 15 004,"OXYBENZONE, OCTINOXATE, TITANIUM DIOXIDE",Parfums Christian Dior,61957-0104
606,Leader Cherry SPF 4 Lip Balm,"Padimate O, Petrolatum",Cardinal Health (Leader),37205-692
607,Menstrual Relief,"Acetaminophen, Caffeine and Pyrilamine maleate","Stephen L. LaFrance Pharmacy, Inc.",15127-938
608,Tilia Fe,Norethindrone Acetate and Ethinyl Estradiol,"Physicians Total Care, Inc.",54868-6274
609,Chloroquine,Chloroquine Phosphate,West-ward Pharmaceutical Corp,0143-2125
610,FIBRICOR,Fenofibric Acid,"AR Scientific, Inc.",13310-102
611,Wal-Zyr,Cetirizine HCl,Walgreens,0363-0129
612,Amlodipine Besylate,Amlodipine Besylate,Clinical Solutions Wholesale,58118-0238
613,Cold Sore Treatment,Benzalkonium Chloride,Cardinal Health,37205-973
614,Chest Congestion,Guaifenesin,"Accudial Pharmaceutical, Inc.",45014-163
615,Forteo,Teriparatide,Eli Lilly and Company,0002-8400
616,Nobac Plus E3,Benzalkonium Chloride,Mason Chemical Company,31511-010
617,Ampicillin and Sulbactam,Ampicillin Sodium and Sulbactam Sodium,Baxter Healthcare Corporation,10019-632
618,Mosquito,Mosquito,"Nelco Laboratories, Inc.",36987-1814
619,Health Mart Childrens Ibuprofen,Ibuprofen,McKesson,62011-0214
620,antibiotic and pain relief,"Bacitracin, Neomycin, Polymyxin B, Pramoxine HCl",Rite Aid Corporation,11822-0444
621,Nadolol,Nadolol,Sandoz Inc,0781-1183
622,day time cough,Dextromethorphan HBr,Safeway,21130-473
623,Pioglitazone Hydrochloride,pioglitazone hydrochloride,American Health Packaging,68084-629
624,Prevail,Ethyl Alcohol,Duane Reade,24488-020
625,Topcare Heartburn Relief 150,Ranitidine,Topco Associates LLC,36800-852
626,Tonsilla compositum,"CONIUM MACULATUM FLOWERING TOP, SOLANUM DULCAMARA TOP, ECHINACEA, UNSPECIFIED, HORSE CHESTNUT,ANTIMONY POTASSIUM TARTRATE, ASCORBIC ACID, PROTORTONIA CACTI,GALIUM APARINE,GENTIANA LUTEA ROOT,GERANIUM ROBERTIANUM, PULSATILLA VULGARIS,LACTIC ACID, L-, SUS SCROFA ADRENAL GLAND,SULFUR,TRIBASIC CALCIUM PHOSPHATE,FERROSOFERRIC PHOSPHATE,SUS SCROFA UMBILICAL CORD,PORK LIVER,SUS SCROFA HYPOTHALAMUSSUS SCROFA BONE MARROW,SUS SCROFA SPLEEN,SUS SCROFA ADRENAL GLAND, CORTISONE ACETATE, SUS SCROFA EMBRYO,",Heel Inc,50114-0104
627,Lysol,Benzethonium chloride,Reckitt Benckiser LLC,63824-461
628,Menstrual Muscle Cramps,MAGNESIUM CATION,Natural Health Supply,64117-998
629,MIRACLE ICE,Menthol and Camphor (synthetic),"FDN Enterprises, LLC",60691-114
630,Healing,"Calendula officinalis, Silacea",Wise Woman Herbals,60660-7784
631,Pain Relief,Acetaminophen,"Shopko Stores Operating Co., LLC",37012-161
632,Glimepiride,glimepiride,"UDL Laboratories, Inc.",51079-426
633,Phosphorus 8,Phosphorus 8,Uriel Pharmacy Inc.,48951-8027
634,Heparin Sodium,Heparin Sodium,Cantrell Drug Company,52533-138
635,Cystadane,betaine,"Rare Disease Therapeutics, Inc.",66621-4000
636,JAFRA DAILY,ALUMINUM CHLOROHYDRATE,JAFRA COSMETICS INTERNATIONAL,68828-053
637,Milk of Magnesia Wild Cherry,MAGNESIUM HYDROXIDE,Premier Value,68016-104
638,Nitrostat,nitroglycerin,Parke-Davis Div of Pfizer Inc,0071-0419
639,ANTIMONIUM TART,ANTIMONY POTASSIUM TARTRATE,Hyland's,54973-0602
640,Ciprofloxacin,Ciprofloxacin,REMEDYREPACK INC.,49349-662
641,Dextroamphetamine Sulfate,Dextroamphetamine Sulfate,Corepharma LLC.,64720-328
642,Garlic,Garlic,"Antigen Laboratories, Inc.",49288-0218
643,Carvedilol,Carvedilol,REMEDYREPACK INC.,52125-384
644,Varicose Veins,Natural Medicine,King Bio Inc.,57955-5566
645,Travel-Ease,Meclizine HCl,Geri-Care Pharmaceutical Corp,57896-778
646,Benazepril Hydrochloride and Hydrochlorothiazide,benazepril hydrochloride and hydrochlorothiazide,Mylan Pharmaceuticals Inc.,0378-4745
647,Eve Lom Radiance Lift Foundation SPF 15,Titanium Dioxide and Octinoxate,Space Brands Limited,61601-1183
648,"Food - Plant Source, Almond Prunus amygdalus",Almond Prunus amygdalus,Jubilant HollisterStier LLC,65044-3014
649,Nighttime Sleep Aid,Diphenhydramine HCl,The Kroger Co.,30142-401
650,SenokotXTRA,standardized senna concentrate,Purdue Products LP,67618-315
651,Neutrogena MoistureShine SPF20,"Octinoxate, Octisalate, and Titanium Dioxide",Neutrogena Corporation,10812-345
652,Rexall Pain Relief,Acetaminophen,"Dolgencorp, LLC",55910-975
653,Ileocecal Valve Support,"Iodium, Pituitary (Suis), Thyroidinum (Suis), Glandula Suprarenalis Suis, Fel Tauri, Taraxacum Officinale, Bryonia","Deseret Biologicals, Inc.",43742-0136
654,Cerafill Retaliate,Minoxidil,"L'oreal Usa, Inc.",49967-759
655,ITCHY SKIN RASH,GRINDELIA HIRSUTULA FLOWERING TOP,Natural Health Supply,64117-235
656,Avocado,Avocado,"Nelco Laboratories, Inc.",36987-1293
657,Naproxen,Naproxen,Lake Erie Medical & Surgical Supply DBA Quality Care Products LLC,35356-683
658,Ticlopidine Hydrochloride,Ticlopidine Hydrochloride,"AvKARE, Inc.",42291-803
659,DG Health migraine relief,"Acetaminophen, Aspirin, Caffeine","Dolgencorp, LLC",55910-374
660,WALGREENS MEDICATED PAIN RELIEVING,"CAMPHOR, MENTHOL, METHYL SALICYLATE",WALGREENS,0363-0149
661,Adrenal Tonic,"Aralia quinquefolia, Glycyrrhiza, Sarsaparilla, Avena sativa, Glandula suprarenalis bovinum, Adrenalinum,",Apotheca Company,57520-0015
662,Gold,"L-carnitine, L-glutamine, L-ornithine, L-tryptophan, L-tyrosine, Human chorionic gonadotropin,",Apotheca Company,57520-0646
663,Meijer Medicated Heat,Capsaicin,Meijer,41250-269
664,IMIPRAMINE PAMOATE,IMIPRAMINE PAMOATE,"Mallinckrodt, Inc.",0406-9931
665,TRICHOPHYTON MENTAGROPHYTES,trichophyton mentagrophytes,"Allergy Laboratories, Inc.",54575-224
666,TEMODAR,Temozolomide,"Physicians Total Care, Inc.",54868-5348
667,Flounder,Flounder,"Nelco Laboratories, Inc.",36987-1213
668,Zolmitriptan,Zolmitriptan,Zydus Pharmaceuticals (USA) Inc.,68382-715
669,Theratramadol-90,"TRAMADOL HYDROCHLORIDE, .GAMMA.-AMINOBUTYRIC ACID",Physician Therapeutics LLC,68405-038
670,Dove,Aluminum Zirconium Tetrachlorohydrex GLY,Conopco Inc. d/b/a Unilever,64942-1216
671,Euphrasia Officinalis Kit Refill,EUPHRASIA STRICTA,Washington Homeopathic Products,68428-047
672,Allergy Attack Relief to Go,DIPHENHYDRAMINE HYDROCHLORIDE,Breakthrough Products Inc.,51596-009
673,Megestrol Acetate,Megestrol Acetate,Atlantic Biologicals Corps,17856-0907
674,Fluoxetine,Fluoxetine,Pliva Inc.,50111-647
675,GENTAMICIN SULFATE,gentamicin sulfate,REMEDYREPACK INC.,52125-461
676,Metronidazole,Metronidazole,Sandoz Inc.,0781-7080
677,Type 3 Sinus Regular,"Silicea, Hydrastis canadensis, Kali bichromicum, Calcarea carbonica,",Apotheca Company,57520-0425
678,Anti-Aging Foundation SPF 15 Shade 600,OCTINOXATE,"La Prairie, Inc.",68026-526
679,Naproxen Sodium,Naproxen Sodium,Family Dollar (FAMILY WELLNESS),55319-256
680,Helium Oxygen,Helium Oxygen,Airgas National Welders,11896-0018
681,Preparation H Totables Pain Relief,"GLYCERIN, PHENYLEPHRINE HYDROCHLORIDE, PRAMOXINE HYDROCHLORIDE, and PETROLATUM",Pfizer Consumer Healthcare,0573-2869
682,AgroBac Foam Wash,Benzalkonium Chloride,"Deb USA, Inc.",11084-054
683,Image Essentials Daily Illuminating Moisturizer Broad Spectrum SPF 15 Sunscreen,"Avobenzone, Octisalate and Octocrylene",KMART Corporation,49738-746
684,INSTANT HAND SANITIZER,HAND SANITIZER,"Montgomery County Chapter Nysarc, Inc dba Liberty Enterprises",54679-6657
685,Miconazole nitrate,Antifungal Miconazole Liquid Continuous Spray,Premier Brands of America Inc.,56104-141
686,nasal decongestant pe,Phenylephrine Hydrochloride,CVS Pharmacy,59779-094
687,CareOne Adult Tussin DM,"Dextromethorphan HBr, Guaifenesin",American Sales Company,41520-359
688,Heparin Sodium,Heparin Sodium,McKesson Packaging Services Business Unit of McKesson Corporation,63739-953
689,Temazepam,temazepam,Mylan Pharmaceuticals Inc.,0378-3120
690,Hydrochlorothiazide,Hydrochlorothiazide,REMEDYREPACK INC.,52125-579
691,ClindaMax,clindamycin phosphate,"PharmaDerm, A division of Nycomed US Inc.",0462-0390
692,Escitalopram,Escitalopram Oxalate,BluePoint Laboratories,68001-195
693,Estazolam,Estazolam,"Watson Laboratories, Inc.",0591-0745
694,Lavender de Provence Antibacterial Hand Sanitizer,ALCOHOL,"Harrison Specialty Co., Inc.",75848-0500
695,GABAPENTIN,GABAPENTIN,Sun Pharmaceutical Industries Limited,62756-137
696,Aire-Master,Alcohol,"Aire-Master of America, Inc.",65133-140
697,Rouge Dior 710 Beige Serum,OCTINOXATE,Parfums Christian Dior,61957-1044
698,Mouse Epithelium,Mouse Epithelium,"Nelco Laboratories, Inc.",36987-1090
699,Medi First Pain Relief,"ACETAMINOPHEN, ASPIRIN, SALICYLAMIDE and CAFFEINE",Unifirst First Aid Corporation,47682-811
700,Mucinex Fast-Max Day Time Severe Cold and Mucinex Fast-Max Night Time Cold and Flu,"Acetaminophen, Dextromethorphan Hydrobromide, Diphenhydramine Hydrochloride, Guaifenesin, and Phenylephrine Hydrochloride",Reckitt Benckiser LLC,63824-234
701,Betamethasone Dipropionate,Betamethasone Dipropionate,A-S Medication Solutions LLC,54569-1113
702,Muscle rub,"Menthol, Camphor, Methyl Salicylate",Dynarex Corporation,67777-406
703,telmisartan,telmisartan,Cadila Healthcare Limited,65841-805
704,Ondansetron Hydrochloride,Ondansetron Hydrochloride,Aurobindo Pharma Limited,65862-189
705,daytime nitetime sinus,"Acetaminophen, Doxylamine succinate , Phenylephrine HCl",Meijer Distribution Inc,41250-515
706,Wal Phed,Pseudoephedrine Hydrochloride,Walgreen Company,0363-0054
707,PROMETHAZINE DM,Dextromethorphan Hydrobromide and Promethazine Hydrochloride,REMEDYREPACK INC.,52125-647
708,DAY WEAR ADVANCED MULTI-PROTECTION ANTI-OXIDANT AND UV DEFENSE,"AVOBENZONE, HOMOSALATE, OCTISALATE, OCTOCRYLENE, and OXYBENZONE",ESTEE LAUDER INC,11559-026
709,Glipizide,Glipizide,Major Pharmaceuticals,0904-6124
710,Shang Shi Zhi Tong Pain Relieving Plaster,"Methyl Salicylate, Camphor, Menthol",International Nature Nutraceuticals,51367-021
711,Mirtazapine,Mirtazapine,Bryant Ranch Prepack,63629-5085
712,FLOUNDER,Flounder,"ALK-Abello, Inc.",0268-6137
713,DHEA Forte,"Dehydroepiandrosterone (DHEA), Pregnenolone, Progesterone,","BioActive Nutritionals, Inc.",43857-0052
714,Oxygen,Oxygen,ILMO Products Company,51486-720
715,Lancome Paris Bienfait MultiVital Broad Spectrum SPF 30 Sunscreen,"Avobenzone, Octisalate and Octocrylene",L'Oreal USA Products Inc,49967-456
716,Phentermine hydrochloride,Phentermine hydrochloride,Northwind Pharmaceuticals,51655-877
717,QUERCUS RUBRA POLLEN,Red Oak,"ALK-Abello, Inc.",0268-6738
718,Carvedilol,Carvedilol,Cardinal Health,55154-4991
719,Tacrolimus,tacrolimus,E. Fougera & Co. a division of Fougera Pharmaceuticals Inc.,0168-0416
720,Gyno Complex,"Viburnum Opulus, Magnesia Phosphorica, Folliculnum, Pulsatilla, Borax, Mercurius Solubilis, Nitricum Acidum, Silicea, Thuja Occidentalis","Deseret Biologicals, Inc",43742-0248
721,Naphazoline Hydrochloride and Pheniramine Maleate,Naphazoline hydrochloride and Pheniramine Maleate,Walgreens,0363-9650
722,Arthritis Therapy,"APIS MELLIFERA, BRYONIA ALBA ROOT, CALCIUM FLUORIDE, LITHIUM CARBONATE, TOXICODENDRON PUBESCENS LEAF, RUTA GRAVEOLENS FLOWERING TOP, SALICYLIC ACID",TRP Company,17312-026
723,Acyclovir,acyclovir,Ranbaxy Laboratories Ltd.,63304-504
724,TYSABRI,natalizumab,"Elan Pharmaceuticals, Inc.",59075-730
725,Lari-Clear,"Baryta carbonica, Belladonna atropa, Phytolacca decandra",NARTEX LABORATORIOS HOMEOPATICOS SA DE CV,34666-161
726,Fresh Picked Strawberries Anti Bacterial Hand Sanitizer,BENZETHONIUM CHLORIDE,Five Below,59021-007
727,Flumazenil,Flumazenil,"Physicians Total Care, Inc.",54868-5715
728,HAMSOA YUYU DEEP MOISTURE,WITCH HAZEL,"HAMSOA PHARMACEUTICAL CO., LTD.",50964-090
729,Esika Passion Musk Antiperspirant Roll-On Deodorant,ALUMINUM SESQUICHLOROHYDRATE,Ventura Corporation Limited,43596-0022
730,Quazepam,QUAZEPAM,"Preferred Pharmaceuticals, Inc.",68788-9664
731,Loperamide Hydrochloride,Loperamide Hydrochloride,Select Brand,15127-338
732,Simcor,Niacin and Simvastatin,AbbVie Inc.,0074-3455
733,Levetiracetam,Levetiracetam,"Methapharm, Inc.",67850-014
734,Mi Acid,"Calcium carbonate, Magnesium hydroxide",Major Pharmaceuticals,0904-5115
735,Clarithromycin,Clarithromycin,REMEDYREPACK INC.,49349-679
736,Antibacterial Foaming Hand Cleanser,triclosan,"Jets, Sets, & Elephants Beauty Corp.",50988-173
737,Topicort,Desoximetasone,"Taro Pharmaceuticals U.S.A., Inc.",51672-5202
738,Quinapril Hydrochloride and Hydrochlorothiazide,Quinapril Hydrochloride and Hydrochlorothiazide,Ranbaxy Pharmaceuticals Inc.,63304-161
739,Pain Relief Rub,"Camphor, Menthol, Methyl Salicylate",Avaria Health & Beauty Corp,43493-0001
740,Childrens Cold and Cough,"Diphenhydramine HCl, Phenylephrine HCl",Walgreens,0363-3790
741,Sterile Water,Water,"American Regent, Inc.",0517-3020
742,Recombinate,Antihemophilic Factor Recombinant,Baxter Healthcare Corporation,0944-2833
743,HAND AND NATURE SANITIZER,Alcohol,"NATURE REPUBLIC CO., LTD.",51346-235
744,TUMS,calcium carbonate,GlaxoSmithKline Consumer Heathcare LP,0135-0180
745,Alka-Seltzer Plus,"ACETAMINOPHEN, DEXTROMETHORPHAN HYDROBROMIDE, DOXYLAMINE SUCCINATE, and PHENYLEPHRINE HYDROCHLORIDE","Bayer HealthCare LLC, Consumer Care",0280-1125
746,Meniscus 6,Meniscus 6,Uriel Pharmacy Inc.,48951-7035
747,ECOZA,econazole nitrate,"Quinnova Pharmaceuticals, LLC",23710-100
748,LINGERIE DE PEAU INVISIBLE SKIN-FUSION FOUNDATION WITH SUNSCREEN BROAD SPECTRUM SPF 20 13 ROSE NATUREL,"OCTINOXATE, TITANIUM DIOXIDE",Guerlain S.A,49817-0061
749,Fluphenazine Hydrochloride,Fluphenazine Hydrochloride,REMEDYREPACK INC.,49349-598
750,Zonnic Nicotine,Nicotine polacrilex,Niconovum USA Inc.,42884-442
751,NITROGLYCERIN,nitroglycerin,Greenstone LLC,59762-4921
752,English Plantain,English Plantain,"Nelco Laboratories, Inc.",36987-3330
753,MECLIZINE HYDROCHLORIDE,Meclizine Hydrochloride,Lake Erie Medical DBA Quality Care Products LLC,35356-901
754,ESIKA HD COLOR HIGH DEFINITION COLOR SPF 20,Octinoxate,Ventura Corporation LTD,13537-007
755,ALLIUM SATIVUM,ALLIUM SATIVUM,HOMEOLAB USA INC.,60512-6472
756,Jade,Antibacterial Hand Soap,"Whisk Products, Inc.",65585-504
757,Coppertone,"avobenzone, homosalate, octisalate, and octocrylene","MSD Consumer Care, Inc.",11523-7291
758,Scrub,Povidone-Iodine,"Medline Industries, Inc.",53329-938
759,Good Sense Mucus Relief,"Acetaminophen, Dextromethorphan HBr, Guaifenesin, Phenylephrine HCl",L. Perrigo Company,0113-0922
760,Creamy Petroleum Jelly,Petrolatum,China Ningbo Shangge Cosmetic Technology Corp.,58503-063
761,La Roche Posay Laboratoire Dermatologique,Avobenzone Homosalate Octisalate Octocrylene Oxybenzone,L'Oreal USA Products Inc,49967-095
762,Trichophyton mentagrophytes,Trichophyton mentagrophytes,"Nelco Laboratories, Inc.",36987-2128
763,Heparin Sodium,heparin sodium,Sagent Pharmaceticals,25021-401
764,Carvedilol,Carvedilol,Major Pharmaceuticals,0904-6096
765,Childrens Pain and Fever,Acetaminophen,Meijer Distribution Inc,41250-650
766,Perphenazine,Perphenazine,Sandoz Inc,0781-1047
767,"SATINIQUE ANTI-DANDRUFF for dry, irritated scalp",PYRITHIONE ZINC,Amway Corp,50390-000
768,Oxygen,Oxygen,"Airgas-West, Inc.",10678-001
769,Turkey,Turkey,"Nelco Laboratories, Inc.",36987-1169
770,Hydroxyzine Hydrochloride,hydroxyzine hydrochloride,Qualitest Pharmaceuticals,0603-3968
771,LIME,"lime, citrus","Allergy Laboratories, Inc.",54575-408
772,Right Guard Sport,Aluminum Zirconium Octachlorhydrex GLY,VVF Illinois Services,51815-209
773,American Elm,American Elm,"Nelco Laboratories, Inc.",36987-2633
774,Clonazepam,clonazepam,TYA Pharmaceuticals,64725-0136
775,Anticavity Fluoride Rinse,Sodium Fluoride,"Supervalu, Inc",41163-213
776,Cefazolin,Cefazolin Sodium,Baxter Healthcare Corporation,0338-3503
777,Diflucan,fluconazole,Roerig,0049-3420
778,Brintellix,vortioxetine,"Takeda Pharmaceuticals America, Inc.",64764-580
779,Lorazepam,Lorazepam,"PD-Rx Pharmaceuticals, Inc.",55289-487
780,Aspergillus terreus,Aspergillus terreus,"Nelco Laboratories, Inc.",36987-1896
781,Nasal Decongestant PE,Phenylephrine HCl,"L.N.K. International, Inc.",50844-953
782,topcare anti diarrheal,Loperamide Hydrochloride,Topco Associates LLC,36800-224
783,Breast Essence II,"Dimethicone, Allantoin",yeojaya,69142-001
784,"Rite Aid Acne Pads, Daily Cleansing Pads",SALICYLIC ACID,Right Aid Corporation,11822-0414
785,Treatment Set TS341474,Treatment Set TS341474,"Antigen Laboratories, Inc.",49288-0817
786,Medicell Scalp,GLYCERIN,Dr. Forhair,69244-1001
787,Dicyclomine Hydrochloride,Dicyclomine Hydrochloride,"PD-Rx Pharmaceuticals, Inc.",43063-045
788,PlusPharma Extra Strength,ACETAMINOPHEN,"Gemini Pharmaceuticals, Inc. dba Plus Pharma",51645-705
789,Medroxyprogesterone Acetate,Medroxyprogesterone Acetate,A-S Medication Solutions LLC,54569-3807
790,Hydro Skin,HYDROCORTISONE,Rugby Laboratories,0536-5105
791,Wrinkles and Radiance Dazzling -Day- SPF 20,"ENSULIZOLE, OCTINOXATE, OCTISALATE",Yves Rocher North America Inc,63505-005
792,Famciclovir,Famciclovir,Aurobindo Pharma Limited,65862-465
793,Simethicone,Dimethicone,Softech Pharma Pvt. Ltd,48769-113
794,ENTEX LQ,guaifenesin and phenylephrine hydrochloride,"Physicians Total Care, Inc.",54868-6241
795,EPICOCCUM NIGRUM,EPICOCCUM NIGRUM,"ALK-Abello, Inc.",0268-0885
796,QS Plus,BENZETHONIUM CHLORIDE,"ABC Compounding Co., Inc.",62257-575
797,Savella,milnacipran hydrochloride,"Forest Laboratories, Inc.",0456-1525
798,Strep Throat,"Arum Tri 30c, Belledonna 30c, Carbo Animalis 30c, Causticum 30c, Echinacea30c, Hydrastis 30c, Lachesis 30c, Phosphorous 30c, Phytolacca 30c, Nitricum Acidum 30c, Nux Vomica 30c, Mercurius Sol 30c , streptococcinum 30c, Sabadilla 30c, Spigellia 30c",Home Sweet Homeopathics,59667-0098
799,Technetium Tc99m Generator,TECHNETIUM TC-99M SODIUM PERTECHNETATE,Medi-Physics Inc.,17156-606
800,Childrens Pain Relief,Acetaminophen,"GREAT LAKES WHOLESALE, MARKETING, & SALES, INC.",64092-031
801,Cold and Flu Relief,"Acetaminophen, Dextromethorphan Hydrobromide, Doxylamine Succinate",P and L Development of New York Corporation (ReadyInCase),59726-029
802,Gabapentin,Gabapentin,REMEDYREPACK INC.,52125-840
803,DIARRHEA,"CINCHONA OFFICINALIS, BRYONIA, CHAMOMILLA, COLOCYNTHIS, IPECACUANHA, BELLADONNA",CVS PHARMACY,59779-846
804,nicotine,Nicotine Polacrilex,CVS Pharmacy,59779-206
805,LEDUM PAL,LEDUM PALUSTRE TWIG,Hyland's,54973-2918
806,DR.G WHITENING FORTIFIER,GLYCERIN,"GOWOONSESANG COSMETICS CO., LTD.",51621-039
807,BANANA BOAT,"AVOBENZONE, HOMOSALATE, OCTISALATE, OCTOCRYLENE",Energizer Personal Care LLC,63354-370
808,stomach relief,Bismuth subsalicylate,CVS Pharmacy,59779-699
809,Omeprazole,Omeprazole,Dexcel Ltd.,64861-303
810,Hydrochlorothiazide,Hydrochlorothiazide,REMEDYREPACK INC.,49349-721
811,NUCYNTA,tapentadol hydrochloride,"Janssen Pharmaceuticals, Inc.",50458-820
812,Childrens Ibuprofen,Ibuprofen,Actavis Mid Atlantic LLC,0472-1262
813,ITCHY SKIN RASH,SYZYGIUM CUMINI SEED,Natural Health Supply,64117-285
814,Sodium Lactate,Sodium Lactate,Baxter Healthcare Corporation,0338-0129
815,Omeprazole,Omeprazole,Proficient Rx LP,63187-070
816,Sodium Chloride,Sodium Chloride,Baxter Healthcare Corporation,0338-6304
817,LAMICTAL,lamotrigine,"Physicians Total Care, Inc.",54868-4675
818,CETAFEN,ACETAMINOPHEN,HART Health,50332-0103
819,Chantix,varenicline tartrate,Rebel Distributors Corp,21695-946
820,Zicam,zinc acetate and zinc gluconate,"Matrixx Initiatives, Inc.",62750-033
821,topcare childrens pain and fever,Acetaminophen,Topco Associates LLC,36800-959
822,Artemisia No Smoking,WORMWOOD,"Donghwa Pharm Co., Ltd",51978-1001
823,CitraNatal Rx,"Vitamin C, Calcium, Iron, Vitamin D3, Vitamin E, Thiamin, Riboflavin, Niacinamide, Vitamin B6, Folic Acid, Iodine, Zinc, Copper, Docusate Sodium",Mission Pharmacal Company,0178-0858
824,valsartan and hydrochlorothiazide,valsartan and hydrochlorothiazide,Apotex Corp.,60505-3809
825,Lumene Time Freeze Anti-Age CC Color Correcting SPF 20 Sunscreen Broad Spectrum MEDIUM,"OCTINOXATE, TITANIUM DIOXIDE",LUMENE OY,67692-811
826,Fresh Picked Strawberries Anti Bacterial Hand Sanitizer,BENZETHONIUM CHLORIDE,Five Below,59021-007
827,Naproxen,Naproxen,State of Florida DOH Central Pharmacy,53808-0386
828,Soft Bisque Perfecting Makeup SPF 25,"Octinoxate, Titanium Dioxide","Merle Norman Cosmetics, Inc",57627-130
829,antacid,"aluminum hydroxide, magnesium hydroxide, simethicone",HyVee Inc,42507-340
830,IBU,Ibuprofen,Cardinal Health,55154-1479
831,Poverty Weed,Poverty Weed,"Nelco Laboratories, Inc.",36987-3334
832,Creamy Petroleum,White petrolatum,"Meijer Distribution, Inc",41250-070
833,Everyday Clean Dandruff,Pyrithione Zinc,Cardinal Health,37205-684
834,Illusion Tinted Moisturizer Broad Spectrum Sand,"OCTINOXATE, OCTISALATE, TITANIUM DIOXIDE","Kingdom Animalia, LLC DBA Hourglass Cosmetics",42627-257
835,Tri-Vit With Fluoride And Iron Drops,vitamin a palmitate and ascorbic acid and cholecalciferol and ferrous sulfate and sodium fluoride solution,Qualitest Pharmaceuticals,0603-1787
836,Hydrocodone Bitartrate And Acetaminophen,Hydrocodone Bitartrate And Acetaminophen,Mylan Institutional Inc.,51079-777
837,Clearly Confident,Miconazole Nitrate,"Ganeden Biotech, Inc.",65556-398
838,Losartan potassium and Hydrochlorothiazide,Losartan potassium and Hydrochlorothiazide,Macleods Pharmaceuticals Limited,33342-051
839,GUAIFENESIN DM,GUAIFENESIN and DEXTROMETHORPHAN,"Pharmaceutical Associates, Inc.",0121-0638
840,Aveeno Eczema Therapy Moisturizing,Oatmeal,"Johnson & Johnson Consumer Products Company, Division of Johnson & Johnson Consumer Companies, Inc.",58232-1403
841,PAROXETINE,paroxetine hydrochloride,Major Pharmaceuticals,0904-5679
842,Tricor,fenofibrate,"Physicians Total Care, Inc.",54868-5224
843,Folic Acid,Folic Acid,Cadila Pharmaceuticals Limited,65691-0088
844,Technetium Tc 99m Medronate,Technetium Tc 99m Medronate,Jubilant DraxImage Inc,65174-660
845,Divalproex Sodium,Divalproex Sodium,"PD-Rx Pharmaceuticals, Inc.",43063-295
846,Naproxen Sodium,Naproxen Sodium,"Healthy Accents (DZA Brands, LLC)",55316-169
847,Sumaxin,sodium sulfacetamide 9%-sulfur 4%,Medimetriks Pharmaceutical inc,43538-130
848,Geodon,ziprasidone hydrochloride,Lake Erie Medical & Surgical Supply DBA Quality Care Products LLC,35356-097
849,Neostigmine Methylsulfate,NEOSTIGMINE METHYLSULFATE,"Fresenius Kabi USA, LLC",63323-383
850,Toposar,Etoposide,"Teva Parenteral Medicines, Inc",0703-5656
851,Up and Up Stomach Relief,Bismuth subsalicylate,Target Corporation,11673-302
852,Foods,"activated charcoal, ageratina aromatica root, ferrous iodide, gelsemium sempervirens root, calcium sulfide, histamine, interleukin-12 human, interferon gamma-1a, iodine, potassium gluconate, lycopodium clavatum spore, cajuput oil, black currant, rosa canina fruit, serotonin, xanthine, almond, apple, banana, barley, bean, beef, cashew, casein, emmental cultured, casein, lactococcus lactis cultured, casein, lactococcus lactis cultured aged, casein, lactococcus lactis cultured",VIATREXX BIO INCORPORATED,63776-165
853,Furosemide,Furosemide,McKesson Packaging Services a business unit of McKesson Corporation,63739-543
854,Antiseptic Hand Gel,ethyl alcohol,"H and P Industries, Inc. dba Triad Group",50730-8608
855,Neupro,rotigotine,"UCB, Inc.",50474-804
856,EXTRANEAL,"icodextrin, sodium chloride, sodium lactate, calcium chloride, magnesium chloride",Baxter Healthcare Corporation,0941-0679
857,ATOMY BB CREAM SPF 30 PA,OCTINOXATE,ATOMY CO LTD,52257-1002
858,REPREXAIN,Hydrocodone Bitartrate and Ibuprofen,"Gemini Laboratories, LLC",60846-902
859,GENTAMICIN SULFATE,GENTAMICIN SULFATE,"Fera Pharmaceuticals, LLC",48102-102
860,Walgreen Vanishing Scent Muscle and Joint,Menthol,Walgreen Company,0363-6711
861,Cough and Cold HBP,chlorpheniramine maleate and dextromethorphan hbr,Family Dollar,55319-411
862,Zyclara,imiquimod,Medicis Pharmaceutical Corp,99207-270
863,XtraCare Skin Relief Oatmeal Daily Moisturizing,Dimethicone,Greenbrier International,33992-0054
864,acetaminophen,Acetaminophen,Kroger Company,30142-313
865,Neutrogena Clear Pore Acne Treatment,Benzoyl Peroxide,Neutrogena Corporation,10812-068
866,Clarithromycin,Clarithromycin,REMEDYREPACK INC.,49349-251
867,Tindamax,tinidazole,Mission Pharmacal Company,0178-8500
868,Broad Spectrum SPF 70 Sunscreen,"Avobenzone, Homosalate, Octisalate, Octocrylene, Oxybenzone",Kinray Inc.,61715-030
869,Nifedipine,nifedipine,"Alvogen, Inc.",47781-368
870,Givenchy Photo Perfexion Fluid Foundation SPF 20 Perfect Petal Tint 2,"TITANIUM DIOXIDE, OCTINOXATE",LVMH Fragrance Brands,60905-0002
871,Topcare Nicotine,Nicotine Polacrilex,Topco Associates LLC,36800-532
872,Matzim LA,Diltiazem Hydrochloride,"Watson Pharma, Inc.",52544-694
873,OxyContin,oxycodone hydrochloride,"PD-Rx Pharmaceuticals, Inc.",43063-354
874,Antibacterial Foaming Hand Sanitizer,Benzalkonium chloride,"Jets, Sets, & Elephants Beauty Corp.",50988-198
875,Lemon Zest Antibacterial Foaming Hand Wash,Triclosan,"SJ Creations, Inc.",43269-851
876,Gabapentin,Gabapentin,"Blenheim Pharmacal, Inc.",10544-447
877,Cetacaine Anesthetic,"Benzocaine, Butamben, and Tetracaine Hydrochloride","Cetylite Industries, Inc.",10223-0201
878,Duloxetine hydrochloride,Duloxetin hydrochloride,Unit Dose Services,50436-4500
879,Sancuso,granisetron,"Physicians Total Care, Inc.",54868-5985
880,DayQuil Severe,"Acetaminophen, Dextromethorphan Hydrobromide, Guaifenesin, and Phenylephrine Hydrochloride","Lil' Drug Store Products, Inc",66715-9704
881,equaline cold and flu relief,"Acetaminophen, Dextromethorphan HBr, Doxylamine succinate, Phenylephrine HCl",Supervalu Inc,41163-090
882,ANTIBACTERIAL FOAMING,TRICLOSAN,HARRIS TEETER,72036-177
883,Sinus Congestion and Pain Daytime,Acetaminophen and Phenylephrine HCl,NASH-FINCH COMPANY,70253-558
884,Hand Sanitizer,Alcohol,Landy International,51706-505
885,Oxygen Carbon Dioxide Mix,Oxygen Carbon Dioxide Mix,"Airgas-West, Inc.",10678-008
886,tamsulosin hydrochloride,tamsulosin hydrochloride,"PD-Rx Pharmaceuticals, Inc.",43063-264
887,Doxorubicin Hydrochloride,Doxorubicin Hydrochloride,Mylan Institutional LLC,67457-436
888,Treatment Set TS344570,Treatment Set TS344570,"Antigen Laboratories, Inc.",49288-0837
889,Tree Mixture,Tree Mixture,"Antigen Laboratories, Inc.",49288-0561
890,Cefuroxime,Cefuroxime,West-ward Pharmaceutical Corp,0143-9979
891,Etodolac,Etodolac,"Aphena Pharma Solutions - Tennessee, LLC",43353-749
892,Cetirizine Hydrochloride,cetirizine hydrochloride,"Preferred Pharmaceuticals, Inc",68788-0842
893,Ketoprofen,Ketoprofen,Aidarex Pharmaceuticals LLC,33261-064
894,Treatment Set TS345302,Treatment Set TS345302,"Antigen Laboratories, Inc.",49288-0844
895,Good Sense Tussin CF,"Dextromethorphan Hydrobromide, Guaifenesin, Phenylephrine Hydrochloride",L. Perrigo Company,0113-0703
896,Brut Blue Wave,Aluminum Zirconium Tetrachlorohydrex Gly,"Idelle Labs, Ltd",41595-7009
897,Carvedilol,Carvedilol,Teva Pharmaceuticals USA Inc,0093-0135
898,Hydralazine Hydrochloride,hydralazine hydrochloride,"Physicians Total Care, Inc.",54868-6266
899,OXYCODONE AND ACETAMINOPHEN,oxycodone hydrochloride and acetaminophen,"Physicians Total Care, Inc.",54868-1700
900,Diphenhydramine Hydrochloride,Diphenhydramine Hydrochloride,A-S Medication Solutions LLC,54569-0239
901,ESIKA Perfect Match,Octinoxate and Oxybenzone,Ventura Corporation LTD.,13537-452
902,sinus congestion and pain,"Acetaminophen, Phenylephrine HCl",Meijer Distribution Inc,41250-272
903,Citalopram,Citalopram Hydrobromide,Proficient Rx LP,63187-140
904,Fluticasone Propionate,fluticasone propionate,"Physicians Total Care, Inc.",54868-5458
905,Megestrol Acetate,Megestrol Acetate,"Physicians Total Care, Inc.",54868-1629
906,MINOCYCLINE HYDROCHLORIDE,MINOCYCLINE HYDROCHLORIDE,"Global Pharmaceuticals, Division of Impax Laboratories Inc.",0115-7017
907,Anzemet,dolasetron mesylate,sanofi-aventis U.S. LLC,0088-1208
908,Oxaprozin,Oxaprozin,"PD-Rx Pharmaceuticals, Inc.",55289-601
909,Ibuprofen and Pseudoephedrine Hydrochloride,Ibuprofen and Pseudoephedrine Hydrochloride,Target Corporation,11673-423
910,Oxytocin,Oxytocin,West-Ward Pharmaceutical Corp.,0641-6115
911,Ibuprofen,ibuprofen,"L.N.K. International, Inc.",50844-291
912,Brintellix,vortioxetine,"Takeda Pharmaceuticals America, Inc.",64764-550
913,Bethanechol Chloride,Bethanechol Chloride,Major Pharmaceuticals,0904-6178
914,Gas relief,SIMETHICONE,SuperValu (Equaline),41163-550
915,Hand Sanitizer,Ethyl Alcohol,Vi-Jon,11344-269
916,Treatment Set TS329467,Treatment Set TS329467,"Antigen Laboratories, Inc.",49288-0728
917,Medrox,"METHYL SALICYLATE, MENTHOL, CAPSAICIN","Dispensing Solutions, Inc.",68258-3984
918,Naprosyn,naproxen,"Genentech, Inc.",0004-6313
919,Nicorelief,Nicotine Polacrilex,Major Pharmaceuticals,0904-5736
920,Rhus toxicodendron,Rhus toxicodendron,Natures Way Holding Co.,53499-4672
921,amlodipine besylate and benazepril hydrochloride,amlodipine besylate and benazepril hydrochloride,"NCS HealthCare of KY, Inc dba Vangard Labs",0615-1399
922,Neuro,"Hydrastis canadensis, Taraxacum officinale, Dopamine, L-dopa, Melatonin, Serotonin,","Deseret Biologicals, Inc.",43742-0039
923,Repaglinide,repaglinide,Mylan Pharmaceuticals Inc.,0378-3123
924,Citalopram,citalopram,Mylan Pharmaceuticals Inc.,0378-6231
925,Benazepril Hydrochloride,Benazepril Hydrochloride,Major Pharmaceuticals,0904-6189
926,Creon,Pancrelipase,AbbVie Inc.,0032-1212
927,Multitrace-4,Trace Elements 4,"American Regent, Inc.",0517-7410
928,MuscleCare,Camphor and Menthol,Active and Innovative,24488-026
929,Clindagel,CLINDAMYCIN,Onset Dermatologics LLC,16781-462
930,ZENPEP,pancrelipase,"Aptalis Pharma US, Inc.",42865-101
931,Terazosin Hydrochloride Anhydrous,terazosin hydrochloride anhydrous,Mylan Pharmaceuticals Inc.,0378-2264
932,Polymyxin B Sulfate and Trimethoprim,Polymyxin B Sulfate and Trimethoprim Sulfate,Bausch & Lomb Incorporated,24208-315
933,Venlafaxine,Venlafaxine,Zydus Pharmaceuticals (USA) Inc.,68382-018
934,Chocolated Laxative,Sennosides Stimulant Laxative,Walgreens,0363-5000
935,Levetiracetam,levetiracetam,REMEDYREPACK INC.,24236-921
936,nitroglycerin lingual,Nitroglycerin,Perrigo New York Inc,45802-210
937,Hand Wash,Benzalkonium chloride,The Kroger Co,30142-952
938,healthy mama,CALCIUM CARBONATE,"MATERNAL SCIENCE, LLC",58154-103
939,PEPSOM FLYING P EPSOM SALT,magnesium sulfate,"The Pepsom Group, Inc.",51619-600
940,Benztropine Mesylate,benztropine mesylate,"Camber Pharmaceutical, Inc.",31722-219
941,Methocarbamol,Methocarbamol,"Watson Laboratories, Inc.",0591-5381
942,smart sense nighttime,"Acetaminophen, Dextromethorphan HBr, Doxylamine succinate",Kmart Corporation,49738-335
943,LAMICTAL,lamotrigine,GlaxoSmithKline LLC,0173-0776
944,expectorant,Guaifenesin,Western Family Foods Inc,55312-498
945,2 in 1,Pyrithione zinc,Target Corporation,11673-836
946,Breakout Control,Benzoyl Peroxide,"Bioelements, Inc.",49825-124
947,Mimvey Lo,Estradiol and Norethindrone Acetate,Teva Pharmaceuticals USA Inc,0093-5454
948,ESIKA Extreme Moisturizing SPF 16,Octinoxate and Oxybenzone,Ventura Corporation LTD,13537-288
949,Treatment Set TS339184,Treatment Set TS339184,"Antigen Laboratories, Inc.",49288-0800
950,Hydrogen Peroxide,Hydrogen Peroxide,Kroger,30142-414
951,nite time,"Acetaminophen, Dextromethorphan HBr, Doxylamine succinate",Kroger Company,30142-872
952,ZONISAMIDE,ZONISAMIDE,American Health Packaging,68084-183
953,Premier Value Original,Tetrahydrozoline Hydrochloride,"Chain Drug Consortium, LLC",68016-448
954,TOURCIA BODY WASH,ALLANTOIN,"NUGA MEDICAL CO., LTD.",43275-120
955,Valium,diazepam,Cardinal Health,55154-3113
956,VAQTA,"hepatitis A vaccine, inactivated",Merck Sharp & Dohme Corp.,0006-4096
957,Trazodone Hydrochloride,Trazodone Hydrochloride,Torrent Pharmaceuticals Limited,13668-330
958,PAINFUL COUGH COLIC,STAR ANISE,Natural Health Supply,64117-238
959,Fluvoxamine Maleate,fluvoxamine maleate,Mylan Institutional Inc.,51079-992
960,Naltrexone Hydrochloride,Naltrexone Hydrochloride,REMEDYREPACK INC.,52125-727
961,careone stomach relief,Bismuth subsalicylate,American Sales Company,41520-337
962,Ativan,lorazepam,Cardinal Health,55154-4209
963,NAPROXEN SODIUM,NAPROXEN SODIUM,"SPIRIT PHARMACEUTICALS,LLC",68210-0400
964,CALMS FORTE,"AVENA SATIVA FLOWERING TOP, CHAMOMILE, HUMULUS LUPULUS STEM, PASSIFLORA INCARNATA FLOWER, CALCIUM PHOSPHATE, FERROSOFERRIC PHOSPHATE, POTASSIUM PHOSPHATE, DIBASIC, SODIUM PHOSPHATE, and MAGNESIUM PHOSPHATE, DIBASIC TRIHYDRATE",Hyland's,54973-3146
965,Ciprofloxacin,Ciprofloxacin,West-Ward Pharmaceutical Corp,0143-9928
966,Glimepiride,glimepiride,Mylan Pharmaceuticals Inc.,0378-4011
967,Passion Flower Antibacterial Foaming Hand Wash,Triclosan,"SJ Creations, Inc.",43269-844
968,Eczema Cleanse,"Iris Versicolor Root, Arctium Lappa Root, Ruta Graveolens Flowering Top, Centella Asiatica, Sodium Chloride, Silicon Dioxide, Taraxacum Officinale, and Thuja Occidentalis Leafy Twig",Forces of Nature,51393-6543
969,Estradiol Transdermal System,Estradiol,"Alvogen, Inc.",47781-206
970,RYTHMOL,propafenone hydrochloride,GlaxoSmithKline LLC,0173-0794
971,ALENDRONATE SODIUM,ALENDRONATE SODIUM,"Ascend Laboratories, LLC",67877-241
972,Citalopram,Citalopram,"Golden State Medical Supply, Inc.",60429-175
973,Hydromorphone Hydrochloride,HYDROMORPHONE HYDROCHLORIDE,"Hospira, Inc.",0409-1304
974,Molds - Mold Mix 10,Molds - Mold Mix 10,Jubilant HollisterStier LLC,65044-5138
975,Nyloxin,NAJA NAJA VENOM,Receptopharm Inc.,47219-210
976,MYUNG HAN MI IN DO MAKEUP BASE,TITANIUM DIOXIDE,"THEFACESHOP CO., LTD.",51523-015
977,Antibacterial Wet Wipes,BENZALKONIUM CHLORIDE,"Hebei Yihoucheng Commodity Co.,Ltd.",59575-501
978,EXCEL SPF 30,"AVOBENZONE, HOMOSALATE, OCTISALATE, OCTOCRYLENE",ARMY AND AIR FORCE EXCHANGE SERVICE,55301-017
979,Hydrogen Peroxide,HYDROGEN PEROXIDE,"Geiss, Destin & Dunn, Inc",50804-871
980,Rat Epithelium,Rat Epithelium,"Nelco Laboratories, Inc.",36987-1105
981,GUNA-LIVER,CEANOTHUS AMERICANUS LEAF - CHELIDONIUM MAJUS - CHIONANTHUS VIRGINICUS BARK - CHOLINE HYDROXIDE - COBALAMIN - CULVER ROOT - FUMARIC ACID - INOSITOL - LYCOPODIUM CLAVATUM SPORE - NIACIN - PORK LIVER -,Guna spa,17089-311
982,Childrens Ibuprofen,Ibuprofen,Fred's Inc.,55315-552
983,PANDEL,HYDROCORTISONE PROBUTATE,PharmaDerm a division of Fougera Pharmaceuticals Inc.,10337-153
984,Levothyroxine Sodium,Levothyroxine Sodium,State of Florida DOH Central Pharmacy,53808-0846
985,Pravastatin Sodium,pravastatin sodium,"Physicians Total Care, Inc.",54868-5576
986,COTTON FIBER,Cotton Linters,"ALK-Abello, Inc.",0268-6303
987,Guinea Pig Hair,Guinea Pig Hair,"Antigen Laboratories, Inc.",49288-0229
988,sunmark pain reliever,Acetaminophen,McKesson,49348-888
989,Morphine sulfate,Morphine sulfate,Actavis Elizabeth LLC,0228-3502
990,Citroma,Magnesium Citrate,"Supervalue, INC",41163-667
991,Cepacol,Benzocaine and Dextromethorphan Hydrobromide,Reckitt Benckiser LLC,63824-742
992,Hydrocodone Bitartrate and Acetaminophen,Hydrocodone Bitartrate and Acetaminophen,Medsource Pharmaceuticals,45865-412
993,MYUNG HAN MI IN DO MAKEUP BASE,TITANIUM DIOXIDE,"THEFACESHOP CO., LTD.",51523-015
994,Oxygen,Oxygen,Covenant Home Medical,68796-5626
995,Venlafaxine Hydrochloride,venlafaxine hydrochloride,Rebel Distributors Corp,21695-958
996,Levetiracetam,levetiracetam,Par Pharmaceutical Inc.,49884-204
997,SHISEIDO ADVANCED HYDRO-LIQUID COMPACT (REFILL),Titanium dioxide,SHISEIDO AMERICAS CORPORATION,58411-181
998,Healthy Accents Cetirizine-D,"Cetirizine HCl, Pseudoephedrine HCl",DZA Brands LLC,55316-176
999,DOUBLE PERFECTION LUMIERE,TITANIUM DIOXIDE,CHANEL PARFUMS BEAUTE,68745-2006
1000,FOAMING ANTIBACTERIAL,TRICLOSAN,HYVEE INC,42507-178
